Частота,Канал A
(kГц),(В)

0.00000000,0.07809862
0.02384186,0.03402313
0.04768372,0.00592425
0.07152557,0.00012201
0.09536743,0.00008682
0.11920929,0.00027649
0.14305115,0.00038489
0.16689301,0.00058102
0.19073486,0.00092217
0.21457672,0.00054004
0.23841858,0.00008952
0.26226044,0.00019527
0.28610229,0.00022869
0.30994415,0.00025425
0.33378601,0.00024212
0.35762787,0.00032558
0.38146973,0.00033672
0.40531158,0.00058054
0.42915344,0.00088490
0.45299530,0.00065675
0.47683716,0.00031711
0.50067902,0.00042080
0.52452087,0.00036509
0.54836273,0.00007599
0.57220459,0.00015104
0.59604645,0.00027543
0.61988831,0.00043751
0.64373016,0.00044530
0.66757202,0.00030814
0.69141388,0.00023473
0.71525574,0.00023324
0.73909760,0.00013641
0.76293945,0.00044499
0.78678131,0.00073061
0.81062317,0.00061152
0.83446503,0.00046133
0.85830688,0.00054950
0.88214874,0.00055296
0.90599060,0.00047290
0.92983246,0.00052166
0.95367432,0.00051603
0.97751617,0.00020326
1.00135803,0.00026603
1.02519989,0.00062966
1.04904175,0.00065145
1.07288361,0.00038521
1.09672546,0.00032344
1.12056732,0.00011893
1.14440918,0.00029849
1.16825104,0.00014308
1.19209290,0.00025778
1.21593475,0.00049812
1.23977661,0.00023098
1.26361847,0.00036221
1.28746033,0.00077718
1.31130219,0.00077959
1.33514404,0.00014606
1.35898590,0.00040587
1.38282776,0.00038469
1.40666962,0.00011921
1.43051147,0.00027648
1.45435333,0.00019697
1.47819519,0.00027711
1.50203705,0.00005756
1.52587891,0.00036703
1.54972076,0.00053598
1.57356262,0.00036356
1.59740448,0.00011436
1.62124634,0.00024715
1.64508820,0.00058136
1.66893005,0.00067872
1.69277191,0.00052393
1.71661377,0.00008174
1.74045563,0.00036344
1.76429749,0.00008812
1.78813934,0.00037191
1.81198120,0.00055544
1.83582306,0.00064477
1.85966492,0.00046905
1.88350677,0.00044696
1.90734863,0.00054979
1.93119049,0.00010066
1.95503235,0.00018553
1.97887421,0.00025029
2.00271606,0.00049983
2.02655792,0.00030913
2.05039978,0.00023027
2.07424164,0.00027418
2.09808350,0.00019535
2.12192535,0.00064337
2.14576721,0.00084165
2.16960907,0.00068492
2.19345093,0.00055342
2.21729279,0.00046069
2.24113464,0.00043872
2.26497650,0.00033099
2.28881836,0.00034755
2.31266022,0.00024852
2.33650208,0.00043028
2.36034393,0.00070002
2.38418579,0.00038404
2.40802765,0.00020027
2.43186951,0.00026585
2.45571136,0.00025577
2.47955322,0.00024216
2.50339508,0.00026215
2.52723694,0.00017493
2.55107880,0.00010034
2.57492065,0.00014609
2.59876251,0.00011788
2.62260437,0.00012384
2.64644623,0.00010608
2.67028809,0.00027548
2.69412994,0.00058199
2.71797180,0.00053319
2.74181366,0.00037957
2.76565552,0.00042482
2.78949738,0.00050849
2.81333923,0.00048493
2.83718109,0.00029898
2.86102295,0.00034238
2.88486481,0.00067907
2.90870667,0.00077637
2.93254852,0.00077970
2.95639038,0.00061406
2.98023224,0.00031973
3.00407410,0.00020411
3.02791595,0.00029597
3.05175781,0.00038156
3.07559967,0.00043542
3.09944153,0.00039468
3.12328339,0.00034550
3.14712524,0.00034006
3.17096710,0.00017417
3.19480896,0.00017319
3.21865082,0.00032956
3.24249268,0.00025059
3.26633453,0.00025716
3.29017639,0.00059081
3.31401825,0.00033780
3.33786011,0.00044675
3.36170197,0.00057015
3.38554382,0.00055129
3.40938568,0.00037652
3.43322754,0.00012334
3.45706940,0.00044331
3.48091125,0.00036983
3.50475311,0.00040411
3.52859497,0.00044765
3.55243683,0.00028932
3.57627869,0.00016491
3.60012054,0.00026605
3.62396240,0.00028185
3.64780426,0.00043566
3.67164612,0.00036663
3.69548798,0.00027638
3.71932983,0.00031305
3.74317169,0.00032614
3.76701355,0.00025564
3.79085541,0.00023679
3.81469727,0.00038813
3.83853912,0.00046586
3.86238098,0.00026168
3.88622284,0.00051370
3.91006470,0.00061279
3.93390656,0.00042176
3.95774841,0.00011006
3.98159027,0.00023182
4.00543213,0.00040908
4.02927399,0.00030105
4.05311584,0.00008013
4.07695770,0.00010188
4.10079956,0.00029378
4.12464142,0.00021347
4.14848328,0.00020182
4.17232513,0.00051643
4.19616699,0.00027868
4.22000885,0.00018669
4.24385071,0.00033651
4.26769257,0.00027628
4.29153442,0.00012485
4.31537628,0.00031859
4.33921814,0.00030631
4.36306000,0.00034551
4.38690186,0.00045657
4.41074371,0.00050112
4.43458557,0.00042131
4.45842743,0.00041973
4.48226929,0.00040614
4.50611115,0.00023924
4.52995300,0.00002774
4.55379486,0.00014247
4.57763672,0.00049445
4.60147858,0.00057208
4.62532043,0.00018854
4.64916229,0.00054082
4.67300415,0.00087790
4.69684601,0.00112959
4.72068787,0.00092747
4.74452972,0.00048717
4.76837158,0.00052636
4.79221344,0.00064333
4.81605530,0.00038156
4.83989716,0.00037763
4.86373901,0.00049060
4.88758087,0.00017820
4.91142273,0.00028383
4.93526459,0.00035718
4.95910645,0.00039543
4.98294830,0.00037641
5.00679016,0.00039192
5.03063202,0.00065190
5.05447388,0.00075753
5.07831573,0.00064319
5.10215759,0.00055392
5.12599945,0.00012283
5.14984131,0.00039540
5.17368317,0.00037880
5.19752502,0.00028980
5.22136688,0.00036182
5.24520874,0.00024186
5.26905060,0.00028529
5.29289246,0.00024008
5.31673431,0.00023698
5.34057617,0.00019873
5.36441803,0.00015974
5.38825989,0.00003760
5.41210175,0.00019551
5.43594360,0.00041042
5.45978546,0.00044266
5.48362732,0.00040851
5.50746918,0.00019641
5.53131104,0.00036846
5.55515289,0.00052249
5.57899475,0.00045463
5.60283661,0.00023552
5.62667847,0.00033405
5.65052032,0.00036303
5.67436218,0.00020607
5.69820404,0.00034678
5.72204590,0.00035031
5.74588776,0.00034788
5.76972961,0.00054764
5.79357147,0.00047506
5.81741333,0.00033157
5.84125519,0.00031822
5.86509705,0.00009587
5.88893890,0.00021550
5.91278076,0.00038313
5.93662262,0.00041279
5.96046448,0.00032048
5.98430634,0.00019640
6.00814819,0.00054234
6.03199005,0.00061070
6.05583191,0.00059847
6.07967377,0.00037728
6.10351563,0.00011821
6.12735748,0.00018848
6.15119934,0.00002479
6.17504120,0.00028535
6.19888306,0.00027981
6.22272491,0.00006339
6.24656677,0.00018925
6.27040863,0.00021147
6.29425049,0.00029042
6.31809235,0.00018181
6.34193420,0.00054075
6.36577606,0.00062381
6.38961792,0.00016363
6.41345978,0.00039049
6.43730164,0.00049247
6.46114349,0.00036179
6.48498535,0.00043485
6.50882721,0.00033382
6.53266907,0.00012451
6.55651093,0.00005495
6.58035278,0.00020670
6.60419464,0.00020358
6.62803650,0.00035483
6.65187836,0.00046937
6.67572021,0.00058187
6.69956207,0.00037553
6.72340393,0.00013312
6.74724579,0.00027289
6.77108765,0.00048591
6.79492950,0.00048030
6.81877136,0.00022898
6.84261322,0.00024156
6.86645508,0.00008466
6.89029694,0.00032158
6.91413879,0.00050441
6.93798065,0.00041615
6.96182251,0.00007278
6.98566437,0.00043627
7.00950623,0.00044509
7.03334808,0.00021528
7.05718994,0.00009799
7.08103180,0.00014711
7.10487366,0.00032468
7.12871552,0.00027073
7.15255737,0.00026898
7.17639923,0.00044446
7.20024109,0.00032374
7.22408295,0.00026428
7.24792480,0.00023966
7.27176666,0.00026015
7.29560852,0.00044577
7.31945038,0.00043786
7.34329224,0.00020375
7.36713409,0.00010245
7.39097595,0.00024699
7.41481781,0.00013055
7.43865967,0.00018612
7.46250153,0.00036459
7.48634338,0.00048976
7.51018524,0.00056152
7.53402710,0.00047899
7.55786896,0.00025144
7.58171082,0.00011003
7.60555267,0.00013289
7.62939453,0.00012312
7.65323639,0.00024545
7.67707825,0.00047089
7.70092010,0.00047341
7.72476196,0.00047738
7.74860382,0.00042650
7.77244568,0.00039646
7.79628754,0.00039427
7.82012939,0.00035480
7.84397125,0.00047848
7.86781311,0.00015549
7.89165497,0.00018589
7.91549683,0.00040253
7.93933868,0.00069841
7.96318054,0.00079210
7.98702240,0.00076378
8.01086426,0.00072492
8.03470612,0.00049817
8.05854797,0.00017532
8.08238983,0.00036648
8.10623169,0.00021247
8.13007355,0.00051720
8.15391541,0.00058324
8.17775726,0.00036573
8.20159912,0.00013974
8.22544098,0.00019126
8.24928284,0.00026529
8.27312469,0.00023884
8.29696655,0.00026837
8.32080841,0.00035995
8.34465027,0.00028946
8.36849213,0.00022136
8.39233398,0.00027333
8.41617584,0.00025775
8.44001770,0.00021456
8.46385956,0.00018554
8.48770142,0.00016166
8.51154327,0.00027850
8.53538513,0.00033946
8.55922699,0.00014800
8.58306885,0.00018193
8.60691071,0.00026950
8.63075256,0.00031220
8.65459442,0.00017457
8.67843628,0.00008296
8.70227814,0.00013211
8.72612000,0.00038924
8.74996185,0.00063549
8.77380371,0.00067575
8.79764557,0.00033350
8.82148743,0.00044647
8.84532928,0.00044855
8.86917114,0.00034926
8.89301300,0.00019075
8.91685486,0.00012237
8.94069672,0.00021480
8.96453857,0.00016215
8.98838043,0.00031868
9.01222229,0.00032311
9.03606415,0.00030707
9.05990601,0.00014247
9.08374786,0.00041446
9.10758972,0.00057054
9.13143158,0.00043574
9.15527344,0.00026187
9.17911530,0.00016956
9.20295715,0.00025717
9.22679901,0.00058167
9.25064087,0.00071903
9.27448273,0.00041835
9.29832458,0.00018479
9.32216644,0.00026825
9.34600830,0.00033129
9.36985016,0.00045905
9.39369202,0.00072022
9.41753387,0.00049166
9.44137573,0.00020010
9.46521759,0.00024797
9.48905945,0.00010354
9.51290131,0.00017058
9.53674316,0.00018663
9.56058502,0.00031013
9.58442688,0.00028761
9.60826874,0.00026694
9.63211060,0.00044606
9.65595245,0.00046954
9.67979431,0.00015838
9.70363617,0.00011040
9.72747803,0.00016199
9.75131989,0.00023692
9.77516174,0.00036811
9.79900360,0.00026940
9.82284546,0.00025992
9.84668732,0.00028551
9.87052917,0.00037973
9.89437103,0.00028011
9.91821289,0.00034161
9.94205475,0.00070800
9.96589661,0.00085471
9.98973846,0.00080791
10.01358032,0.00071467
10.03742218,0.00041957
10.06126404,0.00023013
10.08510590,0.00028169
10.10894775,0.00026002
10.13278961,0.00008374
10.15663147,0.00036031
10.18047333,0.00039906
10.20431519,0.00023215
10.22815704,0.00006616
10.25199890,0.00014884
10.27584076,0.00016718
10.29968262,0.00025683
10.32352448,0.00030346
10.34736633,0.00023066
10.37120819,0.00026892
10.39505005,0.00031442
10.41889191,0.00037088
10.44273376,0.00049926
10.46657562,0.00044012
10.49041748,0.00021695
10.51425934,0.00009511
10.53810120,0.00013077
10.56194305,0.00017965
10.58578491,0.00023545
10.60962677,0.00023130
10.63346863,0.00023670
10.65731049,0.00037893
10.68115234,0.00026264
10.70499420,0.00035321
10.72883606,0.00026730
10.75267792,0.00005936
10.77651978,0.00039066
10.80036163,0.00055701
10.82420349,0.00066095
10.84804535,0.00067921
10.87188721,0.00047782
10.89572906,0.00034210
10.91957092,0.00025459
10.94341278,0.00057214
10.96725464,0.00052782
10.99109650,0.00009878
11.01493835,0.00024977
11.03878021,0.00020905
11.06262207,0.00010648
11.08646393,0.00010402
11.11030579,0.00019515
11.13414764,0.00021178
11.15798950,0.00015488
11.18183136,0.00041653
11.20567322,0.00059934
11.22951508,0.00084610
11.25335693,0.00075726
11.27719879,0.00031100
11.30104065,0.00026097
11.32488251,0.00027545
11.34872437,0.00015168
11.37256622,0.00006746
11.39640808,0.00005120
11.42024994,0.00013233
11.44409180,0.00018569
11.46793365,0.00038547
11.49177551,0.00027684
11.51561737,0.00012087
11.53945923,0.00026564
11.56330109,0.00043632
11.58714294,0.00044270
11.61098480,0.00026685
11.63482666,0.00012283
11.65866852,0.00014108
11.68251038,0.00004493
11.70635223,0.00012395
11.73019409,0.00013243
11.75403595,0.00025770
11.77787781,0.00034447
11.80171967,0.00054856
11.82556152,0.00072085
11.84940338,0.00042969
11.87324524,0.00013533
11.89708710,0.00037348
11.92092896,0.00027416
11.94477081,0.00003833
11.96861267,0.00017130
11.99245453,0.00011276
12.01629639,0.00015498
12.04013824,0.00028557
12.06398010,0.00040752
12.08782196,0.00048136
12.11166382,0.00059215
12.13550568,0.00050623
12.15934753,0.00053194
12.18318939,0.00042112
12.20703125,0.00011167
12.23087311,0.00021840
12.25471497,0.00031516
12.27855682,0.00010624
12.30239868,0.00023978
12.32624054,0.00025225
12.35008240,0.00048645
12.37392426,0.00039598
12.39776611,0.00022666
12.42160797,0.00027950
12.44544983,0.00006025
12.46929169,0.00021566
12.49313354,0.00030561
12.51697540,0.00030319
12.54081726,0.00018421
12.56465912,0.00010992
12.58850098,0.00036044
12.61234283,0.00046262
12.63618469,0.00027214
12.66002655,0.00016915
12.68386841,0.00014259
12.70771027,0.00048729
12.73155212,0.00030904
12.75539398,0.00010188
12.77923584,0.00030192
12.80307770,0.00040858
12.82691956,0.00016835
12.85076141,0.00019543
12.87460327,0.00055014
12.89844513,0.00077154
12.92228699,0.00073146
12.94612885,0.00045188
12.96997070,0.00028705
12.99381256,0.00037463
13.01765442,0.00054112
13.04149628,0.00031002
13.06533813,0.00031308
13.08917999,0.00020848
13.11302185,0.00029953
13.13686371,0.00058304
13.16070557,0.00033246
13.18454742,0.00026617
13.20838928,0.00070779
13.23223114,0.00050411
13.25607300,0.00011199
13.27991486,0.00044441
13.30375671,0.00072860
13.32759857,0.00038137
13.35144043,0.00017166
13.37528229,0.00034820
13.39912415,0.00024095
13.42296600,0.00033290
13.44680786,0.00037962
13.47064972,0.00013677
13.49449158,0.00006996
13.51833344,0.00018214
13.54217529,0.00028430
13.56601715,0.00044954
13.58985901,0.00035102
13.61370087,0.00024227
13.63754272,0.00049491
13.66138458,0.00062151
13.68522644,0.00044676
13.70906830,0.00039696
13.73291016,0.00050883
13.75675201,0.00040815
13.78059387,0.00012047
13.80443573,0.00021459
13.82827759,0.00040902
13.85211945,0.00027759
13.87596130,0.00009476
13.89980316,0.00024333
13.92364502,0.00011292
13.94748688,0.00017487
13.97132874,0.00027638
13.99517059,0.00038097
14.01901245,0.00041468
14.04285431,0.00047431
14.06669617,0.00062037
14.09053802,0.00047650
14.11437988,0.00013143
14.13822174,0.00018815
14.16206360,0.00028138
14.18590546,0.00042193
14.20974731,0.00036442
14.23358917,0.00038077
14.25743103,0.00033826
14.28127289,0.00011824
14.30511475,0.00029250
14.32895660,0.00033029
14.35279846,0.00016484
14.37664032,0.00021880
14.40048218,0.00027319
14.42432404,0.00027195
14.44816589,0.00030683
14.47200775,0.00011580
14.49584961,0.00018733
14.51969147,0.00019679
14.54353333,0.00022527
14.56737518,0.00029230
14.59121704,0.00033334
14.61505890,0.00018880
14.63890076,0.00002137
14.66274261,0.00013736
14.68658447,0.00018569
14.71042633,0.00007713
14.73426819,0.00013155
14.75811005,0.00022213
14.78195190,0.00040486
14.80579376,0.00044921
14.82963562,0.00040586
14.85347748,0.00020931
14.87731934,0.00007530
14.90116119,0.00019051
14.92500305,0.00034596
14.94884491,0.00024356
14.97268677,0.00011385
14.99652863,0.00024061
15.02037048,0.00026809
15.04421234,0.00022974
15.06805420,0.00048103
15.09189606,0.00046312
15.11573792,0.00065718
15.13957977,0.00086133
15.16342163,0.00062941
15.18726349,0.00026021
15.21110535,0.00038842
15.23494720,0.00055846
15.25878906,0.00046062
15.28263092,0.00018636
15.30647278,0.00020671
15.33031464,0.00018611
15.35415649,0.00027710
15.37799835,0.00024732
15.40184021,0.00026970
15.42568207,0.00017290
15.44952393,0.00023043
15.47336578,0.00045010
15.49720764,0.00034473
15.52104950,0.00027929
15.54489136,0.00015428
15.56873322,0.00024380
15.59257507,0.00028342
15.61641693,0.00006859
15.64025879,0.00009960
15.66410065,0.00016962
15.68794250,0.00037195
15.71178436,0.00034369
15.73562622,0.00032154
15.75946808,0.00028981
15.78330994,0.00015232
15.80715179,0.00018120
15.83099365,0.00014954
15.85483551,0.00011691
15.87867737,0.00019721
15.90251923,0.00046357
15.92636108,0.00058823
15.95020294,0.00038753
15.97404480,0.00054983
15.99788666,0.00055858
16.02172852,0.00026751
16.04557037,0.00013516
16.06941223,0.00018545
16.09325409,0.00029749
16.11709595,0.00036712
16.14093781,0.00032229
16.16477966,0.00026700
16.18862152,0.00005116
16.21246338,0.00039850
16.23630524,0.00043250
16.26014709,0.00015715
16.28398895,0.00030517
16.30783081,0.00054143
16.33167267,0.00035971
16.35551453,0.00046817
16.37935638,0.00054339
16.40319824,0.00050496
16.42704010,0.00028730
16.45088196,0.00017076
16.47472382,0.00010754
16.49856567,0.00029556
16.52240753,0.00041316
16.54624939,0.00027304
16.57009125,0.00016078
16.59393311,0.00027660
16.61777496,0.00019852
16.64161682,0.00005067
16.66545868,0.00023510
16.68930054,0.00055541
16.71314240,0.00053424
16.73698425,0.00033739
16.76082611,0.00035471
16.78466797,0.00045151
16.80850983,0.00067171
16.83235168,0.00077265
16.85619354,0.00045849
16.88003540,0.00014415
16.90387726,0.00020190
16.92771912,0.00020241
16.95156097,0.00027818
16.97540283,0.00022729
16.99924469,0.00042089
17.02308655,0.00055022
17.04692841,0.00043315
17.07077026,0.00016394
17.09461212,0.00000861
17.11845398,0.00007430
17.14229584,0.00003668
17.16613770,0.00034788
17.18997955,0.00060778
17.21382141,0.00045668
17.23766327,0.00008570
17.26150513,0.00020158
17.28534698,0.00021209
17.30918884,0.00026359
17.33303070,0.00010931
17.35687256,0.00045975
17.38071442,0.00039055
17.40455627,0.00025496
17.42839813,0.00040469
17.45223999,0.00012914
17.47608185,0.00036840
17.49992371,0.00040317
17.52376556,0.00007745
17.54760742,0.00039515
17.57144928,0.00057353
17.59529114,0.00055168
17.61913300,0.00017021
17.64297485,0.00052875
17.66681671,0.00077053
17.69065857,0.00058185
17.71450043,0.00059427
17.73834229,0.00076837
17.76218414,0.00048292
17.78602600,0.00033875
17.80986786,0.00074507
17.83370972,0.00094011
17.85755157,0.00047645
17.88139343,0.00015891
17.90523529,0.00009524
17.92907715,0.00020892
17.95291901,0.00007489
17.97676086,0.00064565
18.00060272,0.00058148
18.02444458,0.00038508
18.04828644,0.00047478
18.07212830,0.00039936
18.09597015,0.00036301
18.11981201,0.00023875
18.14365387,0.00027141
18.16749573,0.00041704
18.19133759,0.00031552
18.21517944,0.00013474
18.23902130,0.00007837
18.26286316,0.00010665
18.28670502,0.00020964
18.31054688,0.00020660
18.33438873,0.00023218
18.35823059,0.00018634
18.38207245,0.00004999
18.40591431,0.00020505
18.42975616,0.00051939
18.45359802,0.00028480
18.47743988,0.00001546
18.50128174,0.00008630
18.52512360,0.00030411
18.54896545,0.00026383
18.57280731,0.00010919
18.59664917,0.00001493
18.62049103,0.00009256
18.64433289,0.00006352
18.66817474,0.00028819
18.69201660,0.00068861
18.71585846,0.00075143
18.73970032,0.00049162
18.76354218,0.00030785
18.78738403,0.00015377
18.81122589,0.00009543
18.83506775,0.00026689
18.85890961,0.00014626
18.88275146,0.00020857
18.90659332,0.00035497
18.93043518,0.00042702
18.95427704,0.00055296
18.97811890,0.00062520
19.00196075,0.00060074
19.02580261,0.00037307
19.04964447,0.00010908
19.07348633,0.00012505
19.09732819,0.00019703
19.12117004,0.00022796
19.14501190,0.00011464
19.16885376,0.00012606
19.19269562,0.00008406
19.21653748,0.00026500
19.24037933,0.00031698
19.26422119,0.00053010
19.28806305,0.00086209
19.31190491,0.00075190
19.33574677,0.00023088
19.35958862,0.00007295
19.38343048,0.00019786
19.40727234,0.00009144
19.43111420,0.00018475
19.45495605,0.00028338
19.47879791,0.00016480
19.50263977,0.00022587
19.52648163,0.00022347
19.55032349,0.00019603
19.57416534,0.00038377
19.59800720,0.00027141
19.62184906,0.00021457
19.64569092,0.00036732
19.66953278,0.00024558
19.69337463,0.00004661
19.71721649,0.00016394
19.74105835,0.00027525
19.76490021,0.00019798
19.78874207,0.00014028
19.81258392,0.00031327
19.83642578,0.00037344
19.86026764,0.00048669
19.88410950,0.00056008
19.90795135,0.00053702
19.93179321,0.00027841
19.95563507,0.00020861
19.97947693,0.00039985
20.00331879,0.00038238
20.02716064,0.00033907
20.05100250,0.00040319
20.07484436,0.00003762
20.09868622,0.00045135
20.12252808,0.00052436
20.14636993,0.00041537
20.17021179,0.00034073
20.19405365,0.00039384
20.21789551,0.00009329
20.24173737,0.00037714
20.26557922,0.00032943
20.28942108,0.00047406
20.31326294,0.00076219
20.33710480,0.00091985
20.36094666,0.00065290
20.38478851,0.00038387
20.40863037,0.00054919
20.43247223,0.00048015
20.45631409,0.00025163
20.48015594,0.00043438
20.50399780,0.00056351
20.52783966,0.00049542
20.55168152,0.00036033
20.57552338,0.00014806
20.59936523,0.00039130
20.62320709,0.00028629
20.64704895,0.00013712
20.67089081,0.00032346
20.69473267,0.00036876
20.71857452,0.00010378
20.74241638,0.00020147
20.76625824,0.00013936
20.79010010,0.00018106
20.81394196,0.00034058
20.83778381,0.00044374
20.86162567,0.00062255
20.88546753,0.00062692
20.90930939,0.00041133
20.93315125,0.00007070
20.95699310,0.00011471
20.98083496,0.00004574
21.00467682,0.00019309
21.02851868,0.00022655
21.05236053,0.00009715
21.07620239,0.00006010
21.10004425,0.00029240
21.12388611,0.00046847
21.14772797,0.00036262
21.17156982,0.00033351
21.19541168,0.00045777
21.21925354,0.00038760
21.24309540,0.00022350
21.26693726,0.00020416
21.29077911,0.00030358
21.31462097,0.00016860
21.33846283,0.00006969
21.36230469,0.00009673
21.38614655,0.00031449
21.40998840,0.00032105
21.43383026,0.00031786
21.45767212,0.00028542
21.48151398,0.00026329
21.50535583,0.00015692
21.52919769,0.00014320
21.55303955,0.00020141
21.57688141,0.00018900
21.60072327,0.00022543
21.62456512,0.00030249
21.64840698,0.00033751
21.67224884,0.00024923
21.69609070,0.00018330
21.71993256,0.00037786
21.74377441,0.00042603
21.76761627,0.00025027
21.79145813,0.00012601
21.81529999,0.00002795
21.83914185,0.00018760
21.86298370,0.00026270
21.88682556,0.00033740
21.91066742,0.00036303
21.93450928,0.00031466
21.95835114,0.00033881
21.98219299,0.00033074
22.00603485,0.00044293
22.02987671,0.00057948
22.05371857,0.00054080
22.07756042,0.00055052
22.10140228,0.00015931
22.12524414,0.00027764
22.14908600,0.00019148
22.17292786,0.00028397
22.19676971,0.00036560
22.22061157,0.00028293
22.24445343,0.00027770
22.26829529,0.00018270
22.29213715,0.00022843
22.31597900,0.00040182
22.33982086,0.00037847
22.36366272,0.00029385
22.38750458,0.00038822
22.41134644,0.00028600
22.43518829,0.00015278
22.45903015,0.00031876
22.48287201,0.00017967
22.50671387,0.00032801
22.53055573,0.00022881
22.55439758,0.00005098
22.57823944,0.00016568
22.60208130,0.00041913
22.62592316,0.00032817
22.64976501,0.00018078
22.67360687,0.00034152
22.69744873,0.00018230
22.72129059,0.00020359
22.74513245,0.00042639
22.76897430,0.00053648
22.79281616,0.00063399
22.81665802,0.00045636
22.84049988,0.00018604
22.86434174,0.00015610
22.88818359,0.00036981
22.91202545,0.00044463
22.93586731,0.00039987
22.95970917,0.00023864
22.98355103,0.00019764
23.00739288,0.00026180
23.03123474,0.00039634
23.05507660,0.00036407
23.07891846,0.00022206
23.10276031,0.00025913
23.12660217,0.00028182
23.15044403,0.00051194
23.17428589,0.00034398
23.19812775,0.00009065
23.22196960,0.00018173
23.24581146,0.00036776
23.26965332,0.00038885
23.29349518,0.00051624
23.31733704,0.00044567
23.34117889,0.00014473
23.36502075,0.00014089
23.38886261,0.00017613
23.41270447,0.00017478
23.43654633,0.00009057
23.46038818,0.00005331
23.48423004,0.00033064
23.50807190,0.00048474
23.53191376,0.00049180
23.55575562,0.00048431
23.57959747,0.00017991
23.60343933,0.00017865
23.62728119,0.00030559
23.65112305,0.00039378
23.67496490,0.00063045
23.69880676,0.00059963
23.72264862,0.00031270
23.74649048,0.00025254
23.77033234,0.00031315
23.79417419,0.00028287
23.81801605,0.00064095
23.84185791,0.00072373
23.86569977,0.00029263
23.88954163,0.00023623
23.91338348,0.00048386
23.93722534,0.00026568
23.96106720,0.00011557
23.98490906,0.00033100
24.00875092,0.00031326
24.03259277,0.00019603
24.05643463,0.00027350
24.08027649,0.00038339
24.10411835,0.00026372
24.12796021,0.00037494
24.15180206,0.00022622
24.17564392,0.00017875
24.19948578,0.00033837
24.22332764,0.00026306
24.24716949,0.00019519
24.27101135,0.00028263
24.29485321,0.00035584
24.31869507,0.00030294
24.34253693,0.00035940
24.36637878,0.00029884
24.39022064,0.00013526
24.41406250,0.00038619
24.43790436,0.00039657
24.46174622,0.00010074
24.48558807,0.00014788
24.50942993,0.00014888
24.53327179,0.00050089
24.55711365,0.00074163
24.58095551,0.00052797
24.60479736,0.00011487
24.62863922,0.00038827
24.65248108,0.00017698
24.67632294,0.00019872
24.70016479,0.00034456
24.72400665,0.00029621
24.74784851,0.00036340
24.77169037,0.00059344
24.79553223,0.00052166
24.81937408,0.00028880
24.84321594,0.00020837
24.86705780,0.00026707
24.89089966,0.00046046
24.91474152,0.00047061
24.93858337,0.00042032
24.96242523,0.00040853
24.98626709,0.00020142
25.01010895,0.00018142
25.03395081,0.00019839
25.05779266,0.00000976
25.08163452,0.00007827
25.10547638,0.00028169
25.12931824,0.00040202
25.15316010,0.00019569
25.17700195,0.00021923
25.20084381,0.00041813
25.22468567,0.00047906
25.24852753,0.00053001
25.27236938,0.00061623
25.29621124,0.00045182
25.32005310,0.00017960
25.34389496,0.00013983
25.36773682,0.00008978
25.39157867,0.00040362
25.41542053,0.00044823
25.43926239,0.00020671
25.46310425,0.00050267
25.48694611,0.00055044
25.51078796,0.00014563
25.53462982,0.00012847
25.55847168,0.00014812
25.58231354,0.00014950
25.60615540,0.00008622
25.62999725,0.00030120
25.65383911,0.00033908
25.67768097,0.00038055
25.70152283,0.00023660
25.72536469,0.00015426
25.74920654,0.00023372
25.77304840,0.00023195
25.79689026,0.00003680
25.82073212,0.00017911
25.84457397,0.00004293
25.86841583,0.00014323
25.89225769,0.00024897
25.91609955,0.00018838
25.93994141,0.00016975
25.96378326,0.00013164
25.98762512,0.00022551
26.01146698,0.00018713
26.03530884,0.00023670
26.05915070,0.00021537
26.08299255,0.00020880
26.10683441,0.00042784
26.13067627,0.00014147
26.15451813,0.00034510
26.17835999,0.00030731
26.20220184,0.00012553
26.22604370,0.00012330
26.24988556,0.00000663
26.27372742,0.00019091
26.29756927,0.00034348
26.32141113,0.00041981
26.34525299,0.00044731
26.36909485,0.00040655
26.39293671,0.00013057
26.41677856,0.00026519
26.44062042,0.00049237
26.46446228,0.00046640
26.48830414,0.00024857
26.51214600,0.00025155
26.53598785,0.00050149
26.55982971,0.00040691
26.58367157,0.00018978
26.60751343,0.00028641
26.63135529,0.00054297
26.65519714,0.00063824
26.67903900,0.00057929
26.70288086,0.00050146
26.72672272,0.00040748
26.75056458,0.00032725
26.77440643,0.00013788
26.79824829,0.00028670
26.82209015,0.00054641
26.84593201,0.00059943
26.86977386,0.00059420
26.89361572,0.00060854
26.91745758,0.00043771
26.94129944,0.00024559
26.96514130,0.00061205
26.98898315,0.00073435
27.01282501,0.00045417
27.03666687,0.00004681
27.06050873,0.00032988
27.08435059,0.00049287
27.10819244,0.00050710
27.13203430,0.00039677
27.15587616,0.00018861
27.17971802,0.00039762
27.20355988,0.00069901
27.22740173,0.00076283
27.25124359,0.00043801
27.27508545,0.00026123
27.29892731,0.00048042
27.32276917,0.00060934
27.34661102,0.00040203
27.37045288,0.00025527
27.39429474,0.00026697
27.41813660,0.00031205
27.44197845,0.00039180
27.46582031,0.00052551
27.48966217,0.00074586
27.51350403,0.00080066
27.53734589,0.00072280
27.56118774,0.00046661
27.58502960,0.00017459
27.60887146,0.00010731
27.63271332,0.00011368
27.65655518,0.00015760
27.68039703,0.00017343
27.70423889,0.00032179
27.72808075,0.00046928
27.75192261,0.00053285
27.77576447,0.00067429
27.79960632,0.00072039
27.82344818,0.00059792
27.84729004,0.00042454
27.87113190,0.00049420
27.89497375,0.00027431
27.91881561,0.00034906
27.94265747,0.00032754
27.96649933,0.00052868
27.99034119,0.00074608
28.01418304,0.00055465
28.03802490,0.00032284
28.06186676,0.00028074
28.08570862,0.00012211
28.10955048,0.00025866
28.13339233,0.00006181
28.15723419,0.00021109
28.18107605,0.00032823
28.20491791,0.00037212
28.22875977,0.00038424
28.25260162,0.00032514
28.27644348,0.00032418
28.30028534,0.00047619
28.32412720,0.00046364
28.34796906,0.00046247
28.37181091,0.00028808
28.39565277,0.00009240
28.41949463,0.00031656
28.44333649,0.00036067
28.46717834,0.00012400
28.49102020,0.00027596
28.51486206,0.00024681
28.53870392,0.00008485
28.56254578,0.00016469
28.58638763,0.00021227
28.61022949,0.00004402
28.63407135,0.00019293
28.65791321,0.00018097
28.68175507,0.00015464
28.70559692,0.00009453
28.72943878,0.00011012
28.75328064,0.00013523
28.77712250,0.00010879
28.80096436,0.00025853
28.82480621,0.00039037
28.84864807,0.00032034
28.87248993,0.00027938
28.89633179,0.00035955
28.92017365,0.00027751
28.94401550,0.00009014
28.96785736,0.00013781
28.99169922,0.00005620
29.01554108,0.00024551
29.03938293,0.00032539
29.06322479,0.00027716
29.08706665,0.00032834
29.11090851,0.00039486
29.13475037,0.00034651
29.15859222,0.00021255
29.18243408,0.00021018
29.20627594,0.00049932
29.23011780,0.00051326
29.25395966,0.00032492
29.27780151,0.00027777
29.30164337,0.00038980
29.32548523,0.00025238
29.34932709,0.00012561
29.37316895,0.00030891
29.39701080,0.00026941
29.42085266,0.00023117
29.44469452,0.00025875
29.46853638,0.00041562
29.49237823,0.00034332
29.51622009,0.00016713
29.54006195,0.00002470
29.56390381,0.00054523
29.58774567,0.00075115
29.61158752,0.00043276
29.63542938,0.00022800
29.65927124,0.00064879
29.68311310,0.00083936
29.70695496,0.00075008
29.73079681,0.00051656
29.75463867,0.00029945
29.77848053,0.00014004
29.80232239,0.00023214
29.82616425,0.00036439
29.85000610,0.00041623
29.87384796,0.00044211
29.89768982,0.00044538
29.92153168,0.00052873
29.94537354,0.00042710
29.96921539,0.00014215
29.99305725,0.00033995
30.01689911,0.00035113
30.04074097,0.00003754
30.06458282,0.00018550
30.08842468,0.00040654
30.11226654,0.00034581
30.13610840,0.00030681
30.15995026,0.00056150
30.18379211,0.00050018
30.20763397,0.00016729
30.23147583,0.00008424
30.25531769,0.00011714
30.27915955,0.00012950
30.30300140,0.00011394
30.32684326,0.00016354
30.35068512,0.00019353
30.37452698,0.00014628
30.39836884,0.00036299
30.42221069,0.00026389
30.44605255,0.00010213
30.46989441,0.00020104
30.49373627,0.00023144
30.51757813,0.00025472
30.54141998,0.00037417
30.56526184,0.00037330
30.58910370,0.00018520
30.61294556,0.00020634
30.63678741,0.00042668
30.66062927,0.00026244
30.68447113,0.00032881
30.70831299,0.00035165
30.73215485,0.00018515
30.75599670,0.00052658
30.77983856,0.00082601
30.80368042,0.00066956
30.82752228,0.00047267
30.85136414,0.00044840
30.87520599,0.00031402
30.89904785,0.00026796
30.92288971,0.00037475
30.94673157,0.00035747
30.97057343,0.00045052
30.99441528,0.00060357
31.01825714,0.00062228
31.04209900,0.00064571
31.06594086,0.00057365
31.08978271,0.00048596
31.11362457,0.00044580
31.13746643,0.00039826
31.16130829,0.00049683
31.18515015,0.00032789
31.20899200,0.00006857
31.23283386,0.00012510
31.25667572,0.00046342
31.28051758,0.00078679
31.30435944,0.00064811
31.32820129,0.00030973
31.35204315,0.00040803
31.37588501,0.00046272
31.39972687,0.00069575
31.42356873,0.00053100
31.44741058,0.00040409
31.47125244,0.00037662
31.49509430,0.00032669
31.51893616,0.00042421
31.54277802,0.00041712
31.56661987,0.00036203
31.59046173,0.00032857
31.61430359,0.00051394
31.63814545,0.00060738
31.66198730,0.00030475
31.68582916,0.00024232
31.70967102,0.00029146
31.73351288,0.00036516
31.75735474,0.00048512
31.78119659,0.00053545
31.80503845,0.00021360
31.82888031,0.00019025
31.85272217,0.00031638
31.87656403,0.00021282
31.90040588,0.00016069
31.92424774,0.00031640
31.94808960,0.00026741
31.97193146,0.00040150
31.99577332,0.00039796
32.01961517,0.00035977
32.04345703,0.00031879
32.06729889,0.00049658
32.09114075,0.00047687
32.11498260,0.00010640
32.13882446,0.00041749
32.16266632,0.00047567
32.18650818,0.00027281
32.21035004,0.00035147
32.23419189,0.00046337
32.25803375,0.00034054
32.28187561,0.00051860
32.30571747,0.00051883
32.32955933,0.00024980
32.35340118,0.00023327
32.37724304,0.00047339
32.40108490,0.00041172
32.42492676,0.00030195
32.44876862,0.00024124
32.47261047,0.00031741
32.49645233,0.00026373
32.52029419,0.00018561
32.54413605,0.00005443
32.56797791,0.00012717
32.59181976,0.00011627
32.61566162,0.00040148
32.63950348,0.00035812
32.66334534,0.00052816
32.68718719,0.00090500
32.71102905,0.00068098
32.73487091,0.00020033
32.75871277,0.00018036
32.78255463,0.00043615
32.80639648,0.00038723
32.83023834,0.00025639
32.85408020,0.00027047
32.87792206,0.00027414
32.90176392,0.00020968
32.92560577,0.00023364
32.94944763,0.00033615
32.97328949,0.00002602
32.99713135,0.00019736
33.02097321,0.00004434
33.04481506,0.00024839
33.06865692,0.00021583
33.09249878,0.00009217
33.11634064,0.00010123
33.14018250,0.00023791
33.16402435,0.00029447
33.18786621,0.00020889
33.21170807,0.00020288
33.23554993,0.00031848
33.25939178,0.00029312
33.28323364,0.00020175
33.30707550,0.00009319
33.33091736,0.00016870
33.35475922,0.00020583
33.37860107,0.00003130
33.40244293,0.00043383
33.42628479,0.00045204
33.45012665,0.00004853
33.47396851,0.00033817
33.49781036,0.00032898
33.52165222,0.00019714
33.54549408,0.00016706
33.56933594,0.00033823
33.59317780,0.00044523
33.61701965,0.00028422
33.64086151,0.00013823
33.66470337,0.00004001
33.68854523,0.00019117
33.71238708,0.00029413
33.73622894,0.00021906
33.76007080,0.00017247
33.78391266,0.00008797
33.80775452,0.00022129
33.83159637,0.00021658
33.85543823,0.00003081
33.87928009,0.00045277
33.90312195,0.00078470
33.92696381,0.00065674
33.95080566,0.00043096
33.97464752,0.00018255
33.99848938,0.00029273
34.02233124,0.00041291
34.04617310,0.00033840
34.07001495,0.00041282
34.09385681,0.00037810
34.11769867,0.00014797
34.14154053,0.00021429
34.16538239,0.00007961
34.18922424,0.00027864
34.21306610,0.00032553
34.23690796,0.00007423
34.26074982,0.00004924
34.28459167,0.00011039
34.30843353,0.00033862
34.33227539,0.00049499
34.35611725,0.00036213
34.37995911,0.00029311
34.40380096,0.00056440
34.42764282,0.00046865
34.45148468,0.00052424
34.47532654,0.00037966
34.49916840,0.00026778
34.52301025,0.00055988
34.54685211,0.00042867
34.57069397,0.00023671
34.59453583,0.00006703
34.61837769,0.00020361
34.64221954,0.00022144
34.66606140,0.00006408
34.68990326,0.00037508
34.71374512,0.00045860
34.73758698,0.00038064
34.76142883,0.00032912
34.78527069,0.00045415
34.80911255,0.00032569
34.83295441,0.00031348
34.85679626,0.00043520
34.88063812,0.00053284
34.90447998,0.00037386
34.92832184,0.00010914
34.95216370,0.00036953
34.97600555,0.00050583
34.99984741,0.00034442
35.02368927,0.00023680
35.04753113,0.00016461
35.07137299,0.00011740
35.09521484,0.00015646
35.11905670,0.00035251
35.14289856,0.00058765
35.16674042,0.00043028
35.19058228,0.00014443
35.21442413,0.00014396
35.23826599,0.00014841
35.26210785,0.00019969
35.28594971,0.00040190
35.30979156,0.00025099
35.33363342,0.00031471
35.35747528,0.00059951
35.38131714,0.00077436
35.40515900,0.00070032
35.42900085,0.00030560
35.45284271,0.00022606
35.47668457,0.00034383
35.50052643,0.00021212
35.52436829,0.00048817
35.54821014,0.00056173
35.57205200,0.00050208
35.59589386,0.00028582
35.61973572,0.00021391
35.64357758,0.00025355
35.66741943,0.00024217
35.69126129,0.00033020
35.71510315,0.00035594
35.73894501,0.00043143
35.76278687,0.00044005
35.78662872,0.00030152
35.81047058,0.00030545
35.83431244,0.00036458
35.85815430,0.00021470
35.88199615,0.00009412
35.90583801,0.00011062
35.92967987,0.00024706
35.95352173,0.00019993
35.97736359,0.00014954
36.00120544,0.00014906
36.02504730,0.00013201
36.04888916,0.00020079
36.07273102,0.00017065
36.09657288,0.00045692
36.12041473,0.00040424
36.14425659,0.00019086
36.16809845,0.00033662
36.19194031,0.00007237
36.21578217,0.00024305
36.23962402,0.00029775
36.26346588,0.00022061
36.28730774,0.00004226
36.31114960,0.00020756
36.33499146,0.00044584
36.35883331,0.00030473
36.38267517,0.00024290
36.40651703,0.00026601
36.43035889,0.00029305
36.45420074,0.00009448
36.47804260,0.00025279
36.50188446,0.00035686
36.52572632,0.00023631
36.54956818,0.00013127
36.57341003,0.00016224
36.59725189,0.00031407
36.62109375,0.00040181
36.64493561,0.00036303
36.66877747,0.00012162
36.69261932,0.00017519
36.71646118,0.00019825
36.74030304,0.00019261
36.76414490,0.00027349
36.78798676,0.00038900
36.81182861,0.00039881
36.83567047,0.00019362
36.85951233,0.00008218
36.88335419,0.00013708
36.90719604,0.00038628
36.93103790,0.00037514
36.95487976,0.00018886
36.97872162,0.00025883
37.00256348,0.00013303
37.02640533,0.00022836
37.05024719,0.00015897
37.07408905,0.00012453
37.09793091,0.00018405
37.12177277,0.00041106
37.14561462,0.00036146
37.16945648,0.00030911
37.19329834,0.00025527
37.21714020,0.00008639
37.24098206,0.00014444
37.26482391,0.00015648
37.28866577,0.00028532
37.31250763,0.00037786
37.33634949,0.00022098
37.36019135,0.00024901
37.38403320,0.00051723
37.40787506,0.00066880
37.43171692,0.00065602
37.45555878,0.00065349
37.47940063,0.00060408
37.50324249,0.00044327
37.52708435,0.00023185
37.55092621,0.00026038
37.57476807,0.00041326
37.59860992,0.00037731
37.62245178,0.00032231
37.64629364,0.00031102
37.67013550,0.00034059
37.69397736,0.00020978
37.71781921,0.00016479
37.74166107,0.00017424
37.76550293,0.00022475
37.78934479,0.00057796
37.81318665,0.00058462
37.83702850,0.00013857
37.86087036,0.00018181
37.88471222,0.00031225
37.90855408,0.00052023
37.93239594,0.00047118
37.95623779,0.00048417
37.98007965,0.00034715
38.00392151,0.00017456
38.02776337,0.00025563
38.05160522,0.00027237
38.07544708,0.00027507
38.09928894,0.00026754
38.12313080,0.00010329
38.14697266,0.00005467
38.17081451,0.00005206
38.19465637,0.00030806
38.21849823,0.00050352
38.24234009,0.00057593
38.26618195,0.00035518
38.29002380,0.00012292
38.31386566,0.00029466
38.33770752,0.00024062
38.36154938,0.00035781
38.38539124,0.00053127
38.40923309,0.00041327
38.43307495,0.00017287
38.45691681,0.00012205
38.48075867,0.00026134
38.50460052,0.00032559
38.52844238,0.00021604
38.55228424,0.00023197
38.57612610,0.00020509
38.59996796,0.00036527
38.62380981,0.00036425
38.64765167,0.00041051
38.67149353,0.00042148
38.69533539,0.00018043
38.71917725,0.00014235
38.74301910,0.00031666
38.76686096,0.00048465
38.79070282,0.00044894
38.81454468,0.00031162
38.83838654,0.00024582
38.86222839,0.00019938
38.88607025,0.00021354
38.90991211,0.00017600
38.93375397,0.00020481
38.95759583,0.00044243
38.98143768,0.00045343
39.00527954,0.00060224
39.02912140,0.00043273
39.05296326,0.00005643
39.07680511,0.00042567
39.10064697,0.00054937
39.12448883,0.00048684
39.14833069,0.00035908
39.17217255,0.00028095
39.19601440,0.00055960
39.21985626,0.00064562
39.24369812,0.00036328
39.26753998,0.00008973
39.29138184,0.00026683
39.31522369,0.00036979
39.33906555,0.00026166
39.36290741,0.00030946
39.38674927,0.00059808
39.41059113,0.00041561
39.43443298,0.00018116
39.45827484,0.00021444
39.48211670,0.00024614
39.50595856,0.00011784
39.52980042,0.00017686
39.55364227,0.00057561
39.57748413,0.00068953
39.60132599,0.00039278
39.62516785,0.00007402
39.64900970,0.00055082
39.67285156,0.00074316
39.69669342,0.00059531
39.72053528,0.00057738
39.74437714,0.00031106
39.76821899,0.00026860
39.79206085,0.00057843
39.81590271,0.00063756
39.83974457,0.00041984
39.86358643,0.00023542
39.88742828,0.00037747
39.91127014,0.00046142
39.93511200,0.00031410
39.95895386,0.00017953
39.98279572,0.00030343
40.00663757,0.00026164
40.03047943,0.00014528
40.05432129,0.00030086
40.07816315,0.00017496
40.10200500,0.00029777
40.12584686,0.00053352
40.14968872,0.00037556
40.17353058,0.00019663
40.19737244,0.00033185
40.22121429,0.00020947
40.24505615,0.00022664
40.26889801,0.00027566
40.29273987,0.00017030
40.31658173,0.00021624
40.34042358,0.00040942
40.36426544,0.00036272
40.38810730,0.00012630
40.41194916,0.00018657
40.43579102,0.00030764
40.45963287,0.00023066
40.48347473,0.00026880
40.50731659,0.00048857
40.53115845,0.00047274
40.55500031,0.00029597
40.57884216,0.00061062
40.60268402,0.00067552
40.62652588,0.00050577
40.65036774,0.00032149
40.67420959,0.00017182
40.69805145,0.00014174
40.72189331,0.00026368
40.74573517,0.00026979
40.76957703,0.00009525
40.79341888,0.00012900
40.81726074,0.00019678
40.84110260,0.00047349
40.86494446,0.00069393
40.88878632,0.00066573
40.91262817,0.00031220
40.93647003,0.00039359
40.96031189,0.00025455
40.98415375,0.00010791
41.00799561,0.00021573
41.03183746,0.00027396
41.05567932,0.00024161
41.07952118,0.00026506
41.10336304,0.00014265
41.12720490,0.00019898
41.15104675,0.00003398
41.17488861,0.00010109
41.19873047,0.00006866
41.22257233,0.00040800
41.24641418,0.00059436
41.27025604,0.00059085
41.29409790,0.00056809
41.31793976,0.00032727
41.34178162,0.00003350
41.36562347,0.00022786
41.38946533,0.00015865
41.41330719,0.00015493
41.43714905,0.00013087
41.46099091,0.00030755
41.48483276,0.00011336
41.50867462,0.00034974
41.53251648,0.00026056
41.55635834,0.00028778
41.58020020,0.00020882
41.60404205,0.00022126
41.62788391,0.00026800
41.65172577,0.00031342
41.67556763,0.00022641
41.69940948,0.00034872
41.72325134,0.00061963
41.74709320,0.00059773
41.77093506,0.00032052
41.79477692,0.00032871
41.81861877,0.00041512
41.84246063,0.00022423
41.86630249,0.00026818
41.89014435,0.00055494
41.91398621,0.00053483
41.93782806,0.00015761
41.96166992,0.00017614
41.98551178,0.00015812
42.00935364,0.00022628
42.03319550,0.00023996
42.05703735,0.00020237
42.08087921,0.00019386
42.10472107,0.00036168
42.12856293,0.00010895
42.15240479,0.00022541
42.17624664,0.00009575
42.20008850,0.00008998
42.22393036,0.00034299
42.24777222,0.00047755
42.27161407,0.00029304
42.29545593,0.00027566
42.31929779,0.00028203
42.34313965,0.00040477
42.36698151,0.00048625
42.39082336,0.00041251
42.41466522,0.00034545
42.43850708,0.00030029
42.46234894,0.00027183
42.48619080,0.00036735
42.51003265,0.00043716
42.53387451,0.00046600
42.55771637,0.00022102
42.58155823,0.00044005
42.60540009,0.00045610
42.62924194,0.00022775
42.65308380,0.00016798
42.67692566,0.00016425
42.70076752,0.00013902
42.72460938,0.00022990
42.74845123,0.00030819
42.77229309,0.00022621
42.79613495,0.00016933
42.81997681,0.00032393
42.84381866,0.00043849
42.86766052,0.00024273
42.89150238,0.00013521
42.91534424,0.00020668
42.93918610,0.00035373
42.96302795,0.00049976
42.98686981,0.00044748
43.01071167,0.00029543
43.03455353,0.00018421
43.05839539,0.00005212
43.08223724,0.00029074
43.10607910,0.00019995
43.12992096,0.00026471
43.15376282,0.00023081
43.17760468,0.00008182
43.20144653,0.00009318
43.22528839,0.00006851
43.24913025,0.00016373
43.27297211,0.00054700
43.29681396,0.00095676
43.32065582,0.00085851
43.34449768,0.00036558
43.36833954,0.00011072
43.39218140,0.00044678
43.41602325,0.00047273
43.43986511,0.00041005
43.46370697,0.00048460
43.48754883,0.00041209
43.51139069,0.00012508
43.53523254,0.00013404
43.55907440,0.00011354
43.58291626,0.00016706
43.60675812,0.00027763
43.63059998,0.00016616
43.65444183,0.00009768
43.67828369,0.00005592
43.70212555,0.00017279
43.72596741,0.00012776
43.74980927,0.00007947
43.77365112,0.00011087
43.79749298,0.00016988
43.82133484,0.00025157
43.84517670,0.00025893
43.86901855,0.00025754
43.89286041,0.00049932
43.91670227,0.00045848
43.94054413,0.00026219
43.96438599,0.00019329
43.98822784,0.00018552
44.01206970,0.00020608
44.03591156,0.00004823
44.05975342,0.00027096
44.08359528,0.00026132
44.10743713,0.00038733
44.13127899,0.00022015
44.15512085,0.00029704
44.17896271,0.00051743
44.20280457,0.00065194
44.22664642,0.00084577
44.25048828,0.00068190
44.27433014,0.00007276
44.29817200,0.00042388
44.32201385,0.00052434
44.34585571,0.00058008
44.36969757,0.00040006
44.39353943,0.00010336
44.41738129,0.00009425
44.44122314,0.00009895
44.46506500,0.00019294
44.48890686,0.00023897
44.51274872,0.00013979
44.53659058,0.00009403
44.56043243,0.00014018
44.58427429,0.00024557
44.60811615,0.00019295
44.63195801,0.00018114
44.65579987,0.00032716
44.67964172,0.00037081
44.70348358,0.00039433
44.72732544,0.00051453
44.75116730,0.00050183
44.77500916,0.00027835
44.79885101,0.00005720
44.82269287,0.00009009
44.84653473,0.00010460
44.87037659,0.00008433
44.89421844,0.00033068
44.91806030,0.00037713
44.94190216,0.00018075
44.96574402,0.00030975
44.98958588,0.00022551
45.01342773,0.00031526
45.03726959,0.00048688
45.06111145,0.00041473
45.08495331,0.00027864
45.10879517,0.00033136
45.13263702,0.00015458
45.15647888,0.00030434
45.18032074,0.00058506
45.20416260,0.00062456
45.22800446,0.00040943
45.25184631,0.00014351
45.27568817,0.00028471
45.29953003,0.00040308
45.32337189,0.00049881
45.34721375,0.00029905
45.37105560,0.00043166
45.39489746,0.00042706
45.41873932,0.00027307
45.44258118,0.00035577
45.46642303,0.00022083
45.49026489,0.00008818
45.51410675,0.00018891
45.53794861,0.00031299
45.56179047,0.00030641
45.58563232,0.00028991
45.60947418,0.00043937
45.63331604,0.00069758
45.65715790,0.00064387
45.68099976,0.00026324
45.70484161,0.00014891
45.72868347,0.00021989
45.75252533,0.00015139
45.77636719,0.00008579
45.80020905,0.00017664
45.82405090,0.00009842
45.84789276,0.00010849
45.87173462,0.00017158
45.89557648,0.00026843
45.91941833,0.00035640
45.94326019,0.00041428
45.96710205,0.00043408
45.99094391,0.00030239
46.01478577,0.00011105
46.03862762,0.00008648
46.06246948,0.00018371
46.08631134,0.00037556
46.11015320,0.00044856
46.13399506,0.00013182
46.15783691,0.00034653
46.18167877,0.00037710
46.20552063,0.00016483
46.22936249,0.00031315
46.25320435,0.00064699
46.27704620,0.00036446
46.30088806,0.00012870
46.32472992,0.00021029
46.34857178,0.00022603
46.37241364,0.00038680
46.39625549,0.00043359
46.42009735,0.00052043
46.44393921,0.00071728
46.46778107,0.00046316
46.49162292,0.00016363
46.51546478,0.00055058
46.53930664,0.00036068
46.56314850,0.00008331
46.58699036,0.00024071
46.61083221,0.00041094
46.63467407,0.00018778
46.65851593,0.00016731
46.68235779,0.00043453
46.70619965,0.00055111
46.73004150,0.00035465
46.75388336,0.00029427
46.77772522,0.00041964
46.80156708,0.00048433
46.82540894,0.00063632
46.84925079,0.00057130
46.87309265,0.00037471
46.89693451,0.00027080
46.92077637,0.00028003
46.94461823,0.00025413
46.96846008,0.00017324
46.99230194,0.00008333
47.01614380,0.00014411
47.03998566,0.00052520
47.06382751,0.00067693
47.08766937,0.00042054
47.11151123,0.00014527
47.13535309,0.00009890
47.15919495,0.00018345
47.18303680,0.00043302
47.20687866,0.00026303
47.23072052,0.00011586
47.25456238,0.00018459
47.27840424,0.00050443
47.30224609,0.00083197
47.32608795,0.00058862
47.34992981,0.00047015
47.37377167,0.00027870
47.39761353,0.00035116
47.42145538,0.00022039
47.44529724,0.00030534
47.46913910,0.00044401
47.49298096,0.00035143
47.51682281,0.00025788
47.54066467,0.00020648
47.56450653,0.00029958
47.58834839,0.00035837
47.61219025,0.00013759
47.63603210,0.00006735
47.65987396,0.00020081
47.68371582,0.00046888
47.70755768,0.00055917
47.73139954,0.00058891
47.75524139,0.00036701
47.77908325,0.00027427
47.80292511,0.00028958
47.82676697,0.00041854
47.85060883,0.00012065
47.87445068,0.00042141
47.89829254,0.00041005
47.92213440,0.00076198
47.94597626,0.01198012
47.96981812,0.13763880
47.99365997,0.33089360
48.01750183,0.28403210
48.04134369,0.08108523
48.06518555,0.00276593
48.08902740,0.00068691
48.11286926,0.00022575
48.13671112,0.00027260
48.16055298,0.00012752
48.18439484,0.00015995
48.20823669,0.00008677
48.23207855,0.00038657
48.25592041,0.00033696
48.27976227,0.00046422
48.30360413,0.00031663
48.32744598,0.00028083
48.35128784,0.00022668
48.37512970,0.00003199
48.39897156,0.00017799
48.42281342,0.00038246
48.44665527,0.00036780
48.47049713,0.00018347
48.49433899,0.00014506
48.51818085,0.00027049
48.54202271,0.00043423
48.56586456,0.00036756
48.58970642,0.00018049
48.61354828,0.00009567
48.63739014,0.00014891
48.66123199,0.00037786
48.68507385,0.00043349
48.70891571,0.00029206
48.73275757,0.00038636
48.75659943,0.00059468
48.78044128,0.00057600
48.80428314,0.00040425
48.82812500,0.00034948
48.85196686,0.00057101
48.87580872,0.00078005
48.89965057,0.00056057
48.92349243,0.00008822
48.94733429,0.00047533
48.97117615,0.00061504
48.99501801,0.00036484
49.01885986,0.00023776
49.04270172,0.00003811
49.06654358,0.00018786
49.09038544,0.00013992
49.11422729,0.00008100
49.13806915,0.00015071
49.16191101,0.00004686
49.18575287,0.00012260
49.20959473,0.00007456
49.23343658,0.00012670
49.25727844,0.00047424
49.28112030,0.00063801
49.30496216,0.00041127
49.32880402,0.00018134
49.35264587,0.00018585
49.37648773,0.00020358
49.40032959,0.00052668
49.42417145,0.00066802
49.44801331,0.00077736
49.47185516,0.00082115
49.49569702,0.00064746
49.51953888,0.00028778
49.54338074,0.00009592
49.56722260,0.00022524
49.59106445,0.00032063
49.61490631,0.00043688
49.63874817,0.00045840
49.66259003,0.00030590
49.68643188,0.00030125
49.71027374,0.00038644
49.73411560,0.00043013
49.75795746,0.00039044
49.78179932,0.00039358
49.80564117,0.00042101
49.82948303,0.00063473
49.85332489,0.00052112
49.87716675,0.00092894
49.90100861,0.00051689
49.92485046,0.00079110
49.94869232,0.07156362
49.97253418,0.64405860
49.99637604,1.36699900
50.02021790,1.05095200
50.04405975,0.25850410
50.06790161,0.00521106
50.09174347,0.00181908
50.11558533,0.00106032
50.13942719,0.00092438
50.16326904,0.00034911
50.18711090,0.00085558
50.21095276,0.00015064
50.23479462,0.00049518
50.25863647,0.00017862
50.28247833,0.00049348
50.30632019,0.00045295
50.33016205,0.00044978
50.35400391,0.00018163
50.37784576,0.00037533
50.40168762,0.00042983
50.42552948,0.00026777
50.44937134,0.00027860
50.47321320,0.00005559
50.49705505,0.00013838
50.52089691,0.00024656
50.54473877,0.00028883
50.56858063,0.00036440
50.59242249,0.00029381
50.61626434,0.00012457
50.64010620,0.00029961
50.66394806,0.00007054
50.68778992,0.00021756
50.71163177,0.00029990
50.73547363,0.00025743
50.75931549,0.00031275
50.78315735,0.00024418
50.80699921,0.00014546
50.83084106,0.00029847
50.85468292,0.00066629
50.87852478,0.00055323
50.90236664,0.00012008
50.92620850,0.00019853
50.95005035,0.00012486
50.97389221,0.00023768
50.99773407,0.00053133
51.02157593,0.00078528
51.04541779,0.00067647
51.06925964,0.00019111
51.09310150,0.00037103
51.11694336,0.00070447
51.14078522,0.00061709
51.16462708,0.00016604
51.18846893,0.00019566
51.21231079,0.00043096
51.23615265,0.00061541
51.25999451,0.00033120
51.28383636,0.00020343
51.30767822,0.00054467
51.33152008,0.00044897
51.35536194,0.00033522
51.37920380,0.00040468
51.40304565,0.00035353
51.42688751,0.00040929
51.45072937,0.00035500
51.47457123,0.00044465
51.49841309,0.00045923
51.52225494,0.00029552
51.54609680,0.00037433
51.56993866,0.00056241
51.59378052,0.00043385
51.61762238,0.00030791
51.64146423,0.00044645
51.66530609,0.00045152
51.68914795,0.00021469
51.71298981,0.00009551
51.73683167,0.00005493
51.76067352,0.00012705
51.78451538,0.00024098
51.80835724,0.00040714
51.83219910,0.00042743
51.85604095,0.00027608
51.87988281,0.00012004
51.90372467,0.00010730
51.92756653,0.00018430
51.95140839,0.02562664
51.97525024,0.18499750
51.99909210,0.34823620
52.02293396,0.23960130
52.04677582,0.05036538
52.07061768,0.00078008
52.09445953,0.00079086
52.11830139,0.00025640
52.14214325,0.00027421
52.16598511,0.00059688
52.18982697,0.00047284
52.21366882,0.00014744
52.23751068,0.00043032
52.26135254,0.00058697
52.28519440,0.00035697
52.30903625,0.00022882
52.33287811,0.00034482
52.35671997,0.00025507
52.38056183,0.00027722
52.40440369,0.00015475
52.42824554,0.00032438
52.45208740,0.00051948
52.47592926,0.00021052
52.49977112,0.00021187
52.52361298,0.00016266
52.54745483,0.00022838
52.57129669,0.00032567
52.59513855,0.00008712
52.61898041,0.00033868
52.64282227,0.00039474
52.66666412,0.00013647
52.69050598,0.00021804
52.71434784,0.00045439
52.73818970,0.00048629
52.76203156,0.00042599
52.78587341,0.00029048
52.80971527,0.00014014
52.83355713,0.00028891
52.85739899,0.00017600
52.88124084,0.00023034
52.90508270,0.00034550
52.92892456,0.00039329
52.95276642,0.00034404
52.97660828,0.00014128
53.00045013,0.00020018
53.02429199,0.00034694
53.04813385,0.00047273
53.07197571,0.00044947
53.09581757,0.00025834
53.11965942,0.00018682
53.14350128,0.00025967
53.16734314,0.00034285
53.19118500,0.00026243
53.21502686,0.00030058
53.23886871,0.00037533
53.26271057,0.00022215
53.28655243,0.00054658
53.31039429,0.00082958
53.33423615,0.00062782
53.35807800,0.00030264
53.38191986,0.00022500
53.40576172,0.00030037
53.42960358,0.00037301
53.45344543,0.00036024
53.47728729,0.00036130
53.50112915,0.00018588
53.52497101,0.00010298
53.54881287,0.00037718
53.57265472,0.00043598
53.59649658,0.00012739
53.62033844,0.00035183
53.64418030,0.00052928
53.66802216,0.00053886
53.69186401,0.00032551
53.71570587,0.00004916
53.73954773,0.00041418
53.76338959,0.00030102
53.78723145,0.00022361
53.81107330,0.00031579
53.83491516,0.00029647
53.85875702,0.00022391
53.88259888,0.00026275
53.90644073,0.00047204
53.93028259,0.00064887
53.95412445,0.00044515
53.97796631,0.00018793
54.00180817,0.00042396
54.02565002,0.00042173
54.04949188,0.00050146
54.07333374,0.00059571
54.09717560,0.00045752
54.12101746,0.00006361
54.14485931,0.00016232
54.16870117,0.00014790
54.19254303,0.00009617
54.21638489,0.00042296
54.24022675,0.00077410
54.26406860,0.00082348
54.28791046,0.00049545
54.31175232,0.00030423
54.33559418,0.00020083
54.35943604,0.00012211
54.38327789,0.00003577
54.40711975,0.00016831
54.43096161,0.00027719
54.45480347,0.00010437
54.47864532,0.00000842
54.50248718,0.00013014
54.52632904,0.00031818
54.55017090,0.00026321
54.57401276,0.00000645
54.59785461,0.00030383
54.62169647,0.00050837
54.64553833,0.00031417
54.66938019,0.00008105
54.69322205,0.00023425
54.71706390,0.00062720
54.74090576,0.00050756
54.76474762,0.00025160
54.78858948,0.00068587
54.81243134,0.00065226
54.83627319,0.00040242
54.86011505,0.00035924
54.88395691,0.00040094
54.90779877,0.00036487
54.93164063,0.00025782
54.95548248,0.00029030
54.97932434,0.00015354
55.00316620,0.00024778
55.02700806,0.00026758
55.05084991,0.00031771
55.07469177,0.00018232
55.09853363,0.00015341
55.12237549,0.00043817
55.14621735,0.00053405
55.17005920,0.00041338
55.19390106,0.00058732
55.21774292,0.00061023
55.24158478,0.00031175
55.26542664,0.00019906
55.28926849,0.00014084
55.31311035,0.00012172
55.33695221,0.00021249
55.36079407,0.00018284
55.38463593,0.00009764
55.40847778,0.00023239
55.43231964,0.00007664
55.45616150,0.00006572
55.48000336,0.00005445
55.50384521,0.00008516
55.52768707,0.00023158
55.55152893,0.00009510
55.57537079,0.00014432
55.59921265,0.00030481
55.62305450,0.00038030
55.64689636,0.00037771
55.67073822,0.00021200
55.69458008,0.00041611
55.71842194,0.00026432
55.74226379,0.00007632
55.76610565,0.00014039
55.78994751,0.00034172
55.81378937,0.00017001
55.83763123,0.00017401
55.86147308,0.00017294
55.88531494,0.00012968
55.90915680,0.00037658
55.93299866,0.00033395
55.95684052,0.00009875
55.98068237,0.00025222
56.00452423,0.00020150
56.02836609,0.00019731
56.05220795,0.00015356
56.07604980,0.00025320
56.09989166,0.00033814
56.12373352,0.00020331
56.14757538,0.00039173
56.17141724,0.00063562
56.19525909,0.00056797
56.21910095,0.00006041
56.24294281,0.00029731
56.26678467,0.00013276
56.29062653,0.00012785
56.31446838,0.00008034
56.33831024,0.00014229
56.36215210,0.00016866
56.38599396,0.00028833
56.40983582,0.00042774
56.43367767,0.00038037
56.45751953,0.00040720
56.48136139,0.00019296
56.50520325,0.00047597
56.52904510,0.00033698
56.55288696,0.00014513
56.57672882,0.00020996
56.60057068,0.00005086
56.62441254,0.00025131
56.64825439,0.00020390
56.67209625,0.00011084
56.69593811,0.00012256
56.71977997,0.00012304
56.74362183,0.00028785
56.76746368,0.00034607
56.79130554,0.00021502
56.81514740,0.00018900
56.83898926,0.00014338
56.86283112,0.00031740
56.88667297,0.00042300
56.91051483,0.00039997
56.93435669,0.00059487
56.95819855,0.00071730
56.98204041,0.00043520
57.00588226,0.00016624
57.02972412,0.00043496
57.05356598,0.00060113
57.07740784,0.00037775
57.10124969,0.00014611
57.12509155,0.00038083
57.14893341,0.00029447
57.17277527,0.00011531
57.19661713,0.00033341
57.22045898,0.00058154
57.24430084,0.00042975
57.26814270,0.00015506
57.29198456,0.00037792
57.31582642,0.00028471
57.33966827,0.00014142
57.36351013,0.00017066
57.38735199,0.00025690
57.41119385,0.00058560
57.43503571,0.00042913
57.45887756,0.00009685
57.48271942,0.00044537
57.50656128,0.00033568
57.53040314,0.00022432
57.55424500,0.00030626
57.57808685,0.00053140
57.60192871,0.00033736
57.62577057,0.00011370
57.64961243,0.00026698
57.67345428,0.00019548
57.69729614,0.00022531
57.72113800,0.00010040
57.74497986,0.00019834
57.76882172,0.00032734
57.79266357,0.00026737
57.81650543,0.00012621
57.84034729,0.00016764
57.86418915,0.00038221
57.88803101,0.00043247
57.91187286,0.00037677
57.93571472,0.00039118
57.95955658,0.00022946
57.98339844,0.00005415
58.00724030,0.00021810
58.03108215,0.00040127
58.05492401,0.00033618
58.07876587,0.00009997
58.10260773,0.00032286
58.12644958,0.00027206
58.15029144,0.00025138
58.17413330,0.00010231
58.19797516,0.00022132
58.22181702,0.00027985
58.24565887,0.00029782
58.26950073,0.00026465
58.29334259,0.00011093
58.31718445,0.00016652
58.34102631,0.00039618
58.36486816,0.00037709
58.38871002,0.00013921
58.41255188,0.00033551
58.43639374,0.00038257
58.46023560,0.00037207
58.48407745,0.00025527
58.50791931,0.00026142
58.53176117,0.00021427
58.55560303,0.00005811
58.57944489,0.00028243
58.60328674,0.00046517
58.62712860,0.00036036
58.65097046,0.00017085
58.67481232,0.00007953
58.69865417,0.00026145
58.72249603,0.00013719
58.74633789,0.00011239
58.77017975,0.00029979
58.79402161,0.00036525
58.81786346,0.00018981
58.84170532,0.00026948
58.86554718,0.00052350
58.88938904,0.00041388
58.91323090,0.00018305
58.93707275,0.00013172
58.96091461,0.00016744
58.98475647,0.00011411
59.00859833,0.00032682
59.03244019,0.00052090
59.05628204,0.00037426
59.08012390,0.00021049
59.10396576,0.00040881
59.12780762,0.00070709
59.15164948,0.00064606
59.17549133,0.00036622
59.19933319,0.00048081
59.22317505,0.00052168
59.24701691,0.00037671
59.27085876,0.00042685
59.29470062,0.00049770
59.31854248,0.00027101
59.34238434,0.00030028
59.36622620,0.00035000
59.39006805,0.00031887
59.41390991,0.00017819
59.43775177,0.00014433
59.46159363,0.00015516
59.48543549,0.00007810
59.50927734,0.00009354
59.53311920,0.00022847
59.55696106,0.00032588
59.58080292,0.00035162
59.60464478,0.00049497
59.62848663,0.00026224
59.65232849,0.00065142
59.67617035,0.00053198
59.70001221,0.00021038
59.72385406,0.00022373
59.74769592,0.00032593
59.77153778,0.00038460
59.79537964,0.00024908
59.81922150,0.00028426
59.84306335,0.00041010
59.86690521,0.00027019
59.89074707,0.00024675
59.91458893,0.00031497
59.93843079,0.00034438
59.96227264,0.00030594
59.98611450,0.00016148
60.00995636,0.00008639
60.03379822,0.00025092
60.05764008,0.00039178
60.08148193,0.00026300
60.10532379,0.00014425
60.12916565,0.00019636
60.15300751,0.00009470
60.17684937,0.00016275
60.20069122,0.00031081
60.22453308,0.00017401
60.24837494,0.00014626
60.27221680,0.00016268
60.29605865,0.00025306
60.31990051,0.00056038
60.34374237,0.00069562
60.36758423,0.00045391
60.39142609,0.00017034
60.41526794,0.00040531
60.43910980,0.00055800
60.46295166,0.00026524
60.48679352,0.00013737
60.51063538,0.00041078
60.53447723,0.00044196
60.55831909,0.00009915
60.58216095,0.00012517
60.60600281,0.00022537
60.62984467,0.00038070
60.65368652,0.00032676
60.67752838,0.00040577
60.70137024,0.00037995
60.72521210,0.00030538
60.74905396,0.00034105
60.77289581,0.00031613
60.79673767,0.00042226
60.82057953,0.00040640
60.84442139,0.00021187
60.86826324,0.00082420
60.89210510,0.00083006
60.91594696,0.00044336
60.93978882,0.00042472
60.96363068,0.00046961
60.98747253,0.00024712
61.01131439,0.00025546
61.03515625,0.00040619
61.05899811,0.00042337
61.08283997,0.00037394
61.10668182,0.00059389
61.13052368,0.00043438
61.15436554,0.00031949
61.17820740,0.00042916
61.20204926,0.00033385
61.22589111,0.00010773
61.24973297,0.00013401
61.27357483,0.00023843
61.29741669,0.00029943
61.32125854,0.00017524
61.34510040,0.00047242
61.36894226,0.00059906
61.39278412,0.00050603
61.41662598,0.00039800
61.44046783,0.00036082
61.46430969,0.00040784
61.48815155,0.00026543
61.51199341,0.00013935
61.53583527,0.00028358
61.55967712,0.00036528
61.58351898,0.00017046
61.60736084,0.00010307
61.63120270,0.00007534
61.65504456,0.00026869
61.67888641,0.00039103
61.70272827,0.00040933
61.72657013,0.00034326
61.75041199,0.00022904
61.77425385,0.00011654
61.79809570,0.00039596
61.82193756,0.00057866
61.84577942,0.00068134
61.86962128,0.00072438
61.89346313,0.00035568
61.91730499,0.00034851
61.94114685,0.00052281
61.96498871,0.00056751
61.98883057,0.00058742
62.01267242,0.00053206
62.03651428,0.00035882
62.06035614,0.00013956
62.08419800,0.00016723
62.10803986,0.00033892
62.13188171,0.00017585
62.15572357,0.00008542
62.17956543,0.00008267
62.20340729,0.00004765
62.22724915,0.00013942
62.25109100,0.00008161
62.27493286,0.00010064
62.29877472,0.00008478
62.32261658,0.00029328
62.34645844,0.00047420
62.37030029,0.00022983
62.39414215,0.00013962
62.41798401,0.00012397
62.44182587,0.00022191
62.46566772,0.00041142
62.48950958,0.00051682
62.51335144,0.00060699
62.53719330,0.00058512
62.56103516,0.00033949
62.58487701,0.00062404
62.60871887,0.00080862
62.63256073,0.00053681
62.65640259,0.00039394
62.68024445,0.00056342
62.70408630,0.00061198
62.72792816,0.00042065
62.75177002,0.00042828
62.77561188,0.00062047
62.79945374,0.00058629
62.82329559,0.00040453
62.84713745,0.00009432
62.87097931,0.00024733
62.89482117,0.00033653
62.91866302,0.00031075
62.94250488,0.00025695
62.96634674,0.00012459
62.99018860,0.00035512
63.01403046,0.00027364
63.03787231,0.00019406
63.06171417,0.00011662
63.08555603,0.00025383
63.10939789,0.00035741
63.13323975,0.00046084
63.15708160,0.00029587
63.18092346,0.00014801
63.20476532,0.00027210
63.22860718,0.00021947
63.25244904,0.00007283
63.27629089,0.00038616
63.30013275,0.00047844
63.32397461,0.00034768
63.34781647,0.00022004
63.37165833,0.00023345
63.39550018,0.00003572
63.41934204,0.00020848
63.44318390,0.00032246
63.46702576,0.00028641
63.49086761,0.00006581
63.51470947,0.00017634
63.53855133,0.00013368
63.56239319,0.00016270
63.58623505,0.00029683
63.61007690,0.00036619
63.63391876,0.00055386
63.65776062,0.00052067
63.68160248,0.00024319
63.70544434,0.00020490
63.72928619,0.00024888
63.75312805,0.00011841
63.77696991,0.00018763
63.80081177,0.00016150
63.82465363,0.00038195
63.84849548,0.00044429
63.87233734,0.00041435
63.89617920,0.00027300
63.92002106,0.00017955
63.94386292,0.00020946
63.96770477,0.00029245
63.99154663,0.00045721
64.01538849,0.00064880
64.03923035,0.00049880
64.06307220,0.00022417
64.08691406,0.00019313
64.11075592,0.00030421
64.13459778,0.00037453
64.15843964,0.00045120
64.18228149,0.00041570
64.20612335,0.00036093
64.22996521,0.00036273
64.25380707,0.00031504
64.27764893,0.00018038
64.30149078,0.00024565
64.32533264,0.00050550
64.34917450,0.00063519
64.37301636,0.00057377
64.39685822,0.00029903
64.42070007,0.00012342
64.44454193,0.00030102
64.46838379,0.00034411
64.49222565,0.00009966
64.51606750,0.00035638
64.53990936,0.00045695
64.56375122,0.00053081
64.58759308,0.00066397
64.61143494,0.00064445
64.63527679,0.00053443
64.65911865,0.00039456
64.68296051,0.00050561
64.70680237,0.00061955
64.73064423,0.00034717
64.75448608,0.00032337
64.77832794,0.00053359
64.80216980,0.00059617
64.82601166,0.00075822
64.84985352,0.00053800
64.87369537,0.00032911
64.89753723,0.00033443
64.92137909,0.00040832
64.94522095,0.00045869
64.96906281,0.00044169
64.99290466,0.00050455
65.01674652,0.00072546
65.04058838,0.00097702
65.06443024,0.00070288
65.08827209,0.00043426
65.11211395,0.00053271
65.13595581,0.00051690
65.15979767,0.00017800
65.18363953,0.00031191
65.20748138,0.00057960
65.23132324,0.00051292
65.25516510,0.00025326
65.27900696,0.00056786
65.30284882,0.00032153
65.32669067,0.00009351
65.35053253,0.00031785
65.37437439,0.00028087
65.39821625,0.00020716
65.42205811,0.00038323
65.44589996,0.00017851
65.46974182,0.00027250
65.49358368,0.00034332
65.51742554,0.00002714
65.54126740,0.00013960
65.56510925,0.00006926
65.58895111,0.00021929
65.61279297,0.00025884
65.63663483,0.00025876
65.66047668,0.00034823
65.68431854,0.00021933
65.70816040,0.00033884
65.73200226,0.00038204
65.75584412,0.00015265
65.77968597,0.00017898
65.80352783,0.00029037
65.82736969,0.00049831
65.85121155,0.00036256
65.87505341,0.00025671
65.89889526,0.00016143
65.92273712,0.00040019
65.94657898,0.00018317
65.97042084,0.00034994
65.99426270,0.00053644
66.01810455,0.00041346
66.04194641,0.00028617
66.06578827,0.00023906
66.08963013,0.00020393
66.11347198,0.00017706
66.13731384,0.00006767
66.16115570,0.00035981
66.18499756,0.00058878
66.20883942,0.00043244
66.23268127,0.00046463
66.25652313,0.00047622
66.28036499,0.00027957
66.30420685,0.00024382
66.32804871,0.00060870
66.35189056,0.00059734
66.37573242,0.00046050
66.39957428,0.00037036
66.42341614,0.00024135
66.44725800,0.00017751
66.47109985,0.00024016
66.49494171,0.00015492
66.51878357,0.00015847
66.54262543,0.00044492
66.56646729,0.00052798
66.59030914,0.00026602
66.61415100,0.00055958
66.63799286,0.00042793
66.66183472,0.00007450
66.68567657,0.00013950
66.70951843,0.00019885
66.73336029,0.00030223
66.75720215,0.00046203
66.78104401,0.00024675
66.80488586,0.00038612
66.82872772,0.00063781
66.85256958,0.00053645
66.87641144,0.00043889
66.90025330,0.00022015
66.92409515,0.00019953
66.94793701,0.00017395
66.97177887,0.00041306
66.99562073,0.00038457
67.01946259,0.00040075
67.04330444,0.00055061
67.06714630,0.00048191
67.09098816,0.00029456
67.11483002,0.00029216
67.13867188,0.00028640
67.16251373,0.00009613
67.18635559,0.00044856
67.21019745,0.00065188
67.23403931,0.00045285
67.25788116,0.00005229
67.28172302,0.00033606
67.30556488,0.00045453
67.32940674,0.00025401
67.35324860,0.00024080
67.37709045,0.00035209
67.40093231,0.00044662
67.42477417,0.00034489
67.44861603,0.00013649
67.47245789,0.00012476
67.49629974,0.00032788
67.52014160,0.00032311
67.54398346,0.00031448
67.56782532,0.00044642
67.59166718,0.00042473
67.61550903,0.00041817
67.63935089,0.00058043
67.66319275,0.00048097
67.68703461,0.00033057
67.71087646,0.00004119
67.73471832,0.00055613
67.75856018,0.00055057
67.78240204,0.00021299
67.80624390,0.00010410
67.83008575,0.00030519
67.85392761,0.00028358
67.87776947,0.00007263
67.90161133,0.00032890
67.92545319,0.00023699
67.94929504,0.00017590
67.97313690,0.00019862
67.99697876,0.00002044
68.02082062,0.00001337
68.04466248,0.00017076
68.06850433,0.00032612
68.09234619,0.00026563
68.11618805,0.00018464
68.14002991,0.00008774
68.16387177,0.00033034
68.18771362,0.00044471
68.21155548,0.00003016
68.23539734,0.00017488
68.25923920,0.00027273
68.28308105,0.00029436
68.30692291,0.00047582
68.33076477,0.00065422
68.35460663,0.00050828
68.37844849,0.00023902
68.40229034,0.00017763
68.42613220,0.00026739
68.44997406,0.00034262
68.47381592,0.00018109
68.49765778,0.00008387
68.52149963,0.00041305
68.54534149,0.00072010
68.56918335,0.00040189
68.59302521,0.00031841
68.61686707,0.00048658
68.64070892,0.00023628
68.66455078,0.00044853
68.68839264,0.00048647
68.71223450,0.00018096
68.73607635,0.00013152
68.75991821,0.00031437
68.78376007,0.00018197
68.80760193,0.00013093
68.83144379,0.00028648
68.85528564,0.00041300
68.87912750,0.00051003
68.90296936,0.00044541
68.92681122,0.00037109
68.95065308,0.00036868
68.97449493,0.00052393
68.99833679,0.00062325
69.02217865,0.00055501
69.04602051,0.00033303
69.06986237,0.00014702
69.09370422,0.00024504
69.11754608,0.00040672
69.14138794,0.00034236
69.16522980,0.00001695
69.18907166,0.00042201
69.21291351,0.00084381
69.23675537,0.00084152
69.26059723,0.00041728
69.28443909,0.00021385
69.30828094,0.00000440
69.33212280,0.00019453
69.35596466,0.00031811
69.37980652,0.00030581
69.40364838,0.00024003
69.42749023,0.00008969
69.45133209,0.00017296
69.47517395,0.00011650
69.49901581,0.00008672
69.52285767,0.00018513
69.54669952,0.00045812
69.57054138,0.00051852
69.59438324,0.00025126
69.61822510,0.00032616
69.64206696,0.00028794
69.66590881,0.00026161
69.68975067,0.00022839
69.71359253,0.00044076
69.73743439,0.00074047
69.76127625,0.00050899
69.78511810,0.00018328
69.80895996,0.00030018
69.83280182,0.00066549
69.85664368,0.00050186
69.88048553,0.00033376
69.90432739,0.00034680
69.92816925,0.00037198
69.95201111,0.00024219
69.97585297,0.00001315
69.99969482,0.00007386
70.02353668,0.00002083
70.04737854,0.00003178
70.07122040,0.00021863
70.09506226,0.00012462
70.11890411,0.00016856
70.14274597,0.00023438
70.16658783,0.00005884
70.19042969,0.00018515
70.21427155,0.00023348
70.23811340,0.00009168
70.26195526,0.00033162
70.28579712,0.00041050
70.30963898,0.00041304
70.33348083,0.00052306
70.35732269,0.00031491
70.38116455,0.00003385
70.40500641,0.00030977
70.42884827,0.00035630
70.45269012,0.00025260
70.47653198,0.00028651
70.50037384,0.00040960
70.52421570,0.00062262
70.54805756,0.00051362
70.57189941,0.00031918
70.59574127,0.00039733
70.61958313,0.00044600
70.64342499,0.00035843
70.66726685,0.00023290
70.69110870,0.00008720
70.71495056,0.00013434
70.73879242,0.00018341
70.76263428,0.00020847
70.78647614,0.00031243
70.81031799,0.00015890
70.83415985,0.00017414
70.85800171,0.00027385
70.88184357,0.00044614
70.90568542,0.00055063
70.92952728,0.00060456
70.95336914,0.00063111
70.97721100,0.00031411
71.00105286,0.00014894
71.02489471,0.00018631
71.04873657,0.00003997
71.07257843,0.00004382
71.09642029,0.00020837
71.12026215,0.00024977
71.14410400,0.00009204
71.16794586,0.00024141
71.19178772,0.00022155
71.21562958,0.00079111
71.23947144,0.00077501
71.26331329,0.00029946
71.28715515,0.00032766
71.31099701,0.00032325
71.33483887,0.00004087
71.35868073,0.00044997
71.38252258,0.00073482
71.40636444,0.00063267
71.43020630,0.00032962
71.45404816,0.00043707
71.47789001,0.00048761
71.50173187,0.00049237
71.52557373,0.00048732
71.54941559,0.00026936
71.57325745,0.00037169
71.59709930,0.00032357
71.62094116,0.00021013
71.64478302,0.00044535
71.66862488,0.00025212
71.69246674,0.00027405
71.71630859,0.00056769
71.74015045,0.00049325
71.76399231,0.00022828
71.78783417,0.00049615
71.81167603,0.00051905
71.83551788,0.00024639
71.85935974,0.00023134
71.88320160,0.00041269
71.90704346,0.00046757
71.93088531,0.00029729
71.95472717,0.00008421
71.97856903,0.00013704
72.00241089,0.00006318
72.02625275,0.00009831
72.05009460,0.00039909
72.07393646,0.00063563
72.09777832,0.00053136
72.12162018,0.00036567
72.14546204,0.00028044
72.16930389,0.00034771
72.19314575,0.00032842
72.21698761,0.00009388
72.24082947,0.00023277
72.26467133,0.00017312
72.28851318,0.00025119
72.31235504,0.00033784
72.33619690,0.00012333
72.36003876,0.00033117
72.38388062,0.00061792
72.40772247,0.00059836
72.43156433,0.00030745
72.45540619,0.00023788
72.47924805,0.00026894
72.50308990,0.00019800
72.52693176,0.00003108
72.55077362,0.00016278
72.57461548,0.00040364
72.59845734,0.00059929
72.62229919,0.00045399
72.64614105,0.00006627
72.66998291,0.00006450
72.69382477,0.00020032
72.71766663,0.00028813
72.74150848,0.00037640
72.76535034,0.00063207
72.78919220,0.00079394
72.81303406,0.00059505
72.83687592,0.00024652
72.86071777,0.00013975
72.88455963,0.00014886
72.90840149,0.00013652
72.93224335,0.00015023
72.95608521,0.00002769
72.97992706,0.00021142
73.00376892,0.00020340
73.02761078,0.00016146
73.05145264,0.00021829
73.07529449,0.00021902
73.09913635,0.00026308
73.12297821,0.00033481
73.14682007,0.00033575
73.17066193,0.00035230
73.19450378,0.00036361
73.21834564,0.00027113
73.24218750,0.00008754
73.26602936,0.00015739
73.28987122,0.00036328
73.31371307,0.00034899
73.33755493,0.00031802
73.36139679,0.00016864
73.38523865,0.00032560
73.40908051,0.00049850
73.43292236,0.00041566
73.45676422,0.00045194
73.48060608,0.00041286
73.50444794,0.00035967
73.52828979,0.00036688
73.55213165,0.00048340
73.57597351,0.00010716
73.59981537,0.00027681
73.62365723,0.00030628
73.64749908,0.00019165
73.67134094,0.00010683
73.69518280,0.00009248
73.71902466,0.00011701
73.74286652,0.00021315
73.76670837,0.00021031
73.79055023,0.00009569
73.81439209,0.00021765
73.83823395,0.00029417
73.86207581,0.00000486
73.88591766,0.00028622
73.90975952,0.00026178
73.93360138,0.00027997
73.95744324,0.00046554
73.98128510,0.00070924
74.00512695,0.00071715
74.02896881,0.00036933
74.05281067,0.00016773
74.07665253,0.00053899
74.10049438,0.00054835
74.12433624,0.00033911
74.14817810,0.00011420
74.17201996,0.00019240
74.19586182,0.00033951
74.21970367,0.00029622
74.24354553,0.00034705
74.26738739,0.00036025
74.29122925,0.00019177
74.31507111,0.00022406
74.33891296,0.00038277
74.36275482,0.00058334
74.38659668,0.00040801
74.41043854,0.00035022
74.43428040,0.00028349
74.45812225,0.00018235
74.48196411,0.00016347
74.50580597,0.00012994
74.52964783,0.00010977
74.55348969,0.00016802
74.57733154,0.00033189
74.60117340,0.00023727
74.62501526,0.00007897
74.64885712,0.00017471
74.67269897,0.00028976
74.69654083,0.00039695
74.72038269,0.00028641
74.74422455,0.00019353
74.76806641,0.00029132
74.79190826,0.00031876
74.81575012,0.00030628
74.83959198,0.00022971
74.86343384,0.00017075
74.88727570,0.00031789
74.91111755,0.00028350
74.93495941,0.00024285
74.95880127,0.00024226
74.98264313,0.00023996
75.00648499,0.00025910
75.03032684,0.00011278
75.05416870,0.00044590
75.07801056,0.00048691
75.10185242,0.00037803
75.12569427,0.00039637
75.14953613,0.00035660
75.17337799,0.00040449
75.19721985,0.00048623
75.22106171,0.00048914
75.24490356,0.00028370
75.26874542,0.00017747
75.29258728,0.00028103
75.31642914,0.00030750
75.34027100,0.00028995
75.36411285,0.00028466
75.38795471,0.00048763
75.41179657,0.00041296
75.43563843,0.00017188
75.45948029,0.00016269
75.48332214,0.00017988
75.50716400,0.00013892
75.53100586,0.00008125
75.55484772,0.00039679
75.57868958,0.00035891
75.60253143,0.00015821
75.62637329,0.00000680
75.65021515,0.00011431
75.67405701,0.00016621
75.69789886,0.00015464
75.72174072,0.00029513
75.74558258,0.00028988
75.76942444,0.00023614
75.79326630,0.00037568
75.81710815,0.00050701
75.84095001,0.00043570
75.86479187,0.00044323
75.88863373,0.00057915
75.91247559,0.00077458
75.93631744,0.00065226
75.96015930,0.00010436
75.98400116,0.00027519
76.00784302,0.00017828
76.03168488,0.00021068
76.05552673,0.00033300
76.07936859,0.00036956
76.10321045,0.00039372
76.12705231,0.00027543
76.15089417,0.00027615
76.17473602,0.00039553
76.19857788,0.00009704
76.22241974,0.00023294
76.24626160,0.00006495
76.27010345,0.00009223
76.29394531,0.00015047
76.31778717,0.00029989
76.34162903,0.00037021
76.36547089,0.00011137
76.38931274,0.00019523
76.41315460,0.00007798
76.43699646,0.00028917
76.46083832,0.00006475
76.48468018,0.00035033
76.50852203,0.00036021
76.53236389,0.00025925
76.55620575,0.00007126
76.58004761,0.00044167
76.60388947,0.00051973
76.62773132,0.00033714
76.65157318,0.00004264
76.67541504,0.00057424
76.69925690,0.00071809
76.72309875,0.00028729
76.74694061,0.00017107
76.77078247,0.00033175
76.79462433,0.00026120
76.81846619,0.00026913
76.84230804,0.00032529
76.86614990,0.00015101
76.88999176,0.00015599
76.91383362,0.00005638
76.93767548,0.00031199
76.96151733,0.00037376
76.98535919,0.00028436
77.00920105,0.00028684
77.03304291,0.00028169
77.05688477,0.00029566
77.08072662,0.00008242
77.10456848,0.00022135
77.12841034,0.00014059
77.15225220,0.00018510
77.17609406,0.00029067
77.19993591,0.00055883
77.22377777,0.00063549
77.24761963,0.00032161
77.27146149,0.00026431
77.29530334,0.00039093
77.31914520,0.00037102
77.34298706,0.00029175
77.36682892,0.00068734
77.39067078,0.00086297
77.41451263,0.00049281
77.43835449,0.00019191
77.46219635,0.00023369
77.48603821,0.00025697
77.50988007,0.00030425
77.53372192,0.00036609
77.55756378,0.00028062
77.58140564,0.00055993
77.60524750,0.00049002
77.62908936,0.00029665
77.65293121,0.00050481
77.67677307,0.00055474
77.70061493,0.00038254
77.72445679,0.00045181
77.74829865,0.00080519
77.77214050,0.00066104
77.79598236,0.00038907
77.81982422,0.00042604
77.84366608,0.00058414
77.86750793,0.00045708
77.89134979,0.00005023
77.91519165,0.00024138
77.93903351,0.00014750
77.96287537,0.00019948
77.98671722,0.00046555
78.01055908,0.00044758
78.03440094,0.00022712
78.05824280,0.00017568
78.08208466,0.00025316
78.10592651,0.00028041
78.12976837,0.00011645
78.15361023,0.00018820
78.17745209,0.00038151
78.20129395,0.00026578
78.22513580,0.00010001
78.24897766,0.00045719
78.27281952,0.00046283
78.29666138,0.00017367
78.32050323,0.00006081
78.34434509,0.00010804
78.36818695,0.00033129
78.39202881,0.00042332
78.41587067,0.00032145
78.43971252,0.00046462
78.46355438,0.00051157
78.48739624,0.00034638
78.51123810,0.00026592
78.53507996,0.00051052
78.55892181,0.00067880
78.58276367,0.00057831
78.60660553,0.00042915
78.63044739,0.00021183
78.65428925,0.00022241
78.67813110,0.00021506
78.70197296,0.00021930
78.72581482,0.00018670
78.74965668,0.00014520
78.77349854,0.00026697
78.79734039,0.00019532
78.82118225,0.00018424
78.84502411,0.00019094
78.86886597,0.00024427
78.89270782,0.00020223
78.91654968,0.00022862
78.94039154,0.00013549
78.96423340,0.00018376
78.98807526,0.00010170
79.01191711,0.00007363
79.03575897,0.00027706
79.05960083,0.00045574
79.08344269,0.00032841
79.10728455,0.00011370
79.13112640,0.00040430
79.15496826,0.00051171
79.17881012,0.00042884
79.20265198,0.00049068
79.22649384,0.00063259
79.25033569,0.00057985
79.27417755,0.00052157
79.29801941,0.00046249
79.32186127,0.00043954
79.34570313,0.00038190
79.36954498,0.00016821
79.39338684,0.00029458
79.41722870,0.00019733
79.44107056,0.00024540
79.46491241,0.00043463
79.48875427,0.00048006
79.51259613,0.00024334
79.53643799,0.00020629
79.56027985,0.00037854
79.58412170,0.00044323
79.60796356,0.00042116
79.63180542,0.00044372
79.65564728,0.00050605
79.67948914,0.00029525
79.70333099,0.00012625
79.72717285,0.00026998
79.75101471,0.00035916
79.77485657,0.00045790
79.79869843,0.00051103
79.82254028,0.00037123
79.84638214,0.00012922
79.87022400,0.00002706
79.89406586,0.00026347
79.91790771,0.00040663
79.94174957,0.00032347
79.96559143,0.00020991
79.98943329,0.00020913
80.01327515,0.00014266
80.03711700,0.00014743
80.06095886,0.00015094
80.08480072,0.00026773
80.10864258,0.00033327
80.13248444,0.00032335
80.15632629,0.00049872
80.18016815,0.00031846
80.20401001,0.00014209
80.22785187,0.00024151
80.25169373,0.00032209
80.27553558,0.00020105
80.29937744,0.00031449
80.32321930,0.00032093
80.34706116,0.00017490
80.37090302,0.00021755
80.39474487,0.00009594
80.41858673,0.00030001
80.44242859,0.00046601
80.46627045,0.00030685
80.49011230,0.00011892
80.51395416,0.00026858
80.53779602,0.00044092
80.56163788,0.00027162
80.58547974,0.00015508
80.60932159,0.00034872
80.63316345,0.00024357
80.65700531,0.00048392
80.68084717,0.00061458
80.70468903,0.00042588
80.72853088,0.00014335
80.75237274,0.00015735
80.77621460,0.00039694
80.80005646,0.00058891
80.82389832,0.00047526
80.84774017,0.00038273
80.87158203,0.00039594
80.89542389,0.00014699
80.91926575,0.00008260
80.94310760,0.00002362
80.96694946,0.00028834
80.99079132,0.00022326
81.01463318,0.00007889
81.03847504,0.00014850
81.06231689,0.00020860
81.08615875,0.00030218
81.11000061,0.00048012
81.13384247,0.00063520
81.15768433,0.00059781
81.18152618,0.00038576
81.20536804,0.00013243
81.22920990,0.00044205
81.25305176,0.00051997
81.27689362,0.00045571
81.30073547,0.00072858
81.32457733,0.00066606
81.34841919,0.00023399
81.37226105,0.00048176
81.39610291,0.00073671
81.41994476,0.00063722
81.44378662,0.00031836
81.46762848,0.00029219
81.49147034,0.00021161
81.51531219,0.00021129
81.53915405,0.00021284
81.56299591,0.00016183
81.58683777,0.00017194
81.61067963,0.00014149
81.63452148,0.00013451
81.65836334,0.00025030
81.68220520,0.00027372
81.70604706,0.00031302
81.72988892,0.00031080
81.75373077,0.00037627
81.77757263,0.00037974
81.80141449,0.00017758
81.82525635,0.00022647
81.84909821,0.00026327
81.87294006,0.00012283
81.89678192,0.00008254
81.92062378,0.00018163
81.94446564,0.00030759
81.96830750,0.00043263
81.99214935,0.00049848
82.01599121,0.00036623
82.03983307,0.00004191
82.06367493,0.00015139
82.08751678,0.00035676
82.11135864,0.00041133
82.13520050,0.00014563
82.15904236,0.00017447
82.18288422,0.00045257
82.20672607,0.00045090
82.23056793,0.00030103
82.25440979,0.00021592
82.27825165,0.00024053
82.30209351,0.00018527
82.32593536,0.00022417
82.34977722,0.00037137
82.37361908,0.00029926
82.39746094,0.00022167
82.42130280,0.00021834
82.44514465,0.00014813
82.46898651,0.00009661
82.49282837,0.00015861
82.51667023,0.00028820
82.54051208,0.00040099
82.56435394,0.00027749
82.58819580,0.00024727
82.61203766,0.00033572
82.63587952,0.00019166
82.65972137,0.00029615
82.68356323,0.00036329
82.70740509,0.00037786
82.73124695,0.00029332
82.75508881,0.00028950
82.77893066,0.00051257
82.80277252,0.00072904
82.82661438,0.00074481
82.85045624,0.00058969
82.87429810,0.00038398
82.89813995,0.00021342
82.92198181,0.00028772
82.94582367,0.00045246
82.96966553,0.00028197
82.99350739,0.00021250
83.01734924,0.00045717
83.04119110,0.00032882
83.06503296,0.00022932
83.08887482,0.00028166
83.11271667,0.00040670
83.13655853,0.00054012
83.16040039,0.00046674
83.18424225,0.00041428
83.20808411,0.00054610
83.23192596,0.00044312
83.25576782,0.00013125
83.27960968,0.00017030
83.30345154,0.00037634
83.32729340,0.00036766
83.35113525,0.00045266
83.37497711,0.00038344
83.39881897,0.00042145
83.42266083,0.00041057
83.44650269,0.00018330
83.47034454,0.00017723
83.49418640,0.00026590
83.51802826,0.00017742
83.54187012,0.00036772
83.56571198,0.00045083
83.58955383,0.00030237
83.61339569,0.00038497
83.63723755,0.00031414
83.66107941,0.00022581
83.68492126,0.00031351
83.70876312,0.00036187
83.73260498,0.00035909
83.75644684,0.00017298
83.78028870,0.00017615
83.80413055,0.00023485
83.82797241,0.00006778
83.85181427,0.00012690
83.87565613,0.00039057
83.89949799,0.00048972
83.92333984,0.00032290
83.94718170,0.00017483
83.97102356,0.00026120
83.99486542,0.00021615
84.01870728,0.00004739
84.04254913,0.00032593
84.06639099,0.00059241
84.09023285,0.00034535
84.11407471,0.00005958
84.13791656,0.00026997
84.16175842,0.00036424
84.18560028,0.00049782
84.20944214,0.00038190
84.23328400,0.00050848
84.25712585,0.00095821
84.28096771,0.00099178
84.30480957,0.00070154
84.32865143,0.00056991
84.35249329,0.00047035
84.37633514,0.00028233
84.40017700,0.00025811
84.42401886,0.00039615
84.44786072,0.00037427
84.47170258,0.00026374
84.49554443,0.00024083
84.51938629,0.00025806
84.54322815,0.00022877
84.56707001,0.00009288
84.59091187,0.00043390
84.61475372,0.00070395
84.63859558,0.00066460
84.66243744,0.00034981
84.68627930,0.00012016
84.71012115,0.00012835
84.73396301,0.00022272
84.75780487,0.00023756
84.78164673,0.00006690
84.80548859,0.00025640
84.82933044,0.00058049
84.85317230,0.00083374
84.87701416,0.00068437
84.90085602,0.00034370
84.92469788,0.00006427
84.94853973,0.00030134
84.97238159,0.00052482
84.99622345,0.00054485
85.02006531,0.00052818
85.04390717,0.00035850
85.06774902,0.00033925
85.09159088,0.00020194
85.11543274,0.00027157
85.13927460,0.00023276
85.16311646,0.00006267
85.18695831,0.00036274
85.21080017,0.00048297
85.23464203,0.00051733
85.25848389,0.00049666
85.28232574,0.00032269
85.30616760,0.00026956
85.33000946,0.00016051
85.35385132,0.00042900
85.37769318,0.00037624
85.40153503,0.00007935
85.42537689,0.00042086
85.44921875,0.00047769
85.47306061,0.00050150
85.49690247,0.00043006
85.52074432,0.00036121
85.54458618,0.00027335
85.56842804,0.00022668
85.59226990,0.00010385
85.61611176,0.00036999
85.63995361,0.00031442
85.66379547,0.00027126
85.68763733,0.00036178
85.71147919,0.00021683
85.73532104,0.00037121
85.75916290,0.00033316
85.78300476,0.00031317
85.80684662,0.00037248
85.83068848,0.00028512
85.85453033,0.00020111
85.87837219,0.00041985
85.90221405,0.00052281
85.92605591,0.00045664
85.94989777,0.00030178
85.97373962,0.00023234
85.99758148,0.00028504
86.02142334,0.00041102
86.04526520,0.00037615
86.06910706,0.00025006
86.09294891,0.00028984
86.11679077,0.00045167
86.14063263,0.00055260
86.16447449,0.00058537
86.18831635,0.00044468
86.21215820,0.00018353
86.23600006,0.00033707
86.25984192,0.00039857
86.28368378,0.00018780
86.30752563,0.00024629
86.33136749,0.00056524
86.35520935,0.00050764
86.37905121,0.00041174
86.40289307,0.00039217
86.42673492,0.00017064
86.45057678,0.00009691
86.47441864,0.00020761
86.49826050,0.00046069
86.52210236,0.00047499
86.54594421,0.00011536
86.56978607,0.00013793
86.59362793,0.00041398
86.61746979,0.00047811
86.64131165,0.00005664
86.66515350,0.00024605
86.68899536,0.00019152
86.71283722,0.00010280
86.73667908,0.00011712
86.76052094,0.00016469
86.78436279,0.00021034
86.80820465,0.00003751
86.83204651,0.00027563
86.85588837,0.00032473
86.87973022,0.00018736
86.90357208,0.00044071
86.92741394,0.00043961
86.95125580,0.00034770
86.97509766,0.00020120
86.99893951,0.00017939
87.02278137,0.00029297
87.04662323,0.00024478
87.07046509,0.00025710
87.09430695,0.00030957
87.11814880,0.00042642
87.14199066,0.00056944
87.16583252,0.00054912
87.18967438,0.00079429
87.21351624,0.00089329
87.23735809,0.00066193
87.26119995,0.00010885
87.28504181,0.00032304
87.30888367,0.00026392
87.33272552,0.00012459
87.35656738,0.00032276
87.38040924,0.00018137
87.40425110,0.00016735
87.42809296,0.00024465
87.45193481,0.00025914
87.47577667,0.00033529
87.49961853,0.00030434
87.52346039,0.00019869
87.54730225,0.00020668
87.57114410,0.00039281
87.59498596,0.00042624
87.61882782,0.00035064
87.64266968,0.00020886
87.66651154,0.00013510
87.69035339,0.00038905
87.71419525,0.00019668
87.73803711,0.00015016
87.76187897,0.00008603
87.78572083,0.00012455
87.80956268,0.00039403
87.83340454,0.00043815
87.85724640,0.00033935
87.88108826,0.00023949
87.90493011,0.00020161
87.92877197,0.00038715
87.95261383,0.00051893
87.97645569,0.00065966
88.00029755,0.00058857
88.02413940,0.00025308
88.04798126,0.00007955
88.07182312,0.00042925
88.09566498,0.00046072
88.11950684,0.00013649
88.14334869,0.00017061
88.16719055,0.00018307
88.19103241,0.00017802
88.21487427,0.00016286
88.23871613,0.00035495
88.26255798,0.00055547
88.28639984,0.00061926
88.31024170,0.00056490
88.33408356,0.00059680
88.35792542,0.00058085
88.38176727,0.00028501
88.40560913,0.00008451
88.42945099,0.00020286
88.45329285,0.00039349
88.47713470,0.00061724
88.50097656,0.00057013
88.52481842,0.00019792
88.54866028,0.00005921
88.57250214,0.00027683
88.59634399,0.00030401
88.62018585,0.00021037
88.64402771,0.00006371
88.66786957,0.00026151
88.69171143,0.00021205
88.71555328,0.00023934
88.73939514,0.00059337
88.76323700,0.00068291
88.78707886,0.00054796
88.81092072,0.00030870
88.83476257,0.00012837
88.85860443,0.00006115
88.88244629,0.00025169
88.90628815,0.00044786
88.93013000,0.00037052
88.95397186,0.00039269
88.97781372,0.00035585
89.00165558,0.00070673
89.02549744,0.00072290
89.04933929,0.00050134
89.07318115,0.00014621
89.09702301,0.00028809
89.12086487,0.00052498
89.14470673,0.00051652
89.16854858,0.00053421
89.19239044,0.00041700
89.21623230,0.00034512
89.24007416,0.00034596
89.26391602,0.00045535
89.28775787,0.00071936
89.31159973,0.00060650
89.33544159,0.00025988
89.35928345,0.00031254
89.38312531,0.00017255
89.40696716,0.00010899
89.43080902,0.00018145
89.45465088,0.00034791
89.47849274,0.00042152
89.50233459,0.00046237
89.52617645,0.00064948
89.55001831,0.00077201
89.57386017,0.00039357
89.59770203,0.00022450
89.62154388,0.00013426
89.64538574,0.00012456
89.66922760,0.00014848
89.69306946,0.00018859
89.71691132,0.00026306
89.74075317,0.00011120
89.76459503,0.00004020
89.78843689,0.00009347
89.81227875,0.00007984
89.83612061,0.00034599
89.85996246,0.00069574
89.88380432,0.00084494
89.90764618,0.00068881
89.93148804,0.00046936
89.95532990,0.00048803
89.97917175,0.00059602
90.00301361,0.00038005
90.02685547,0.00019309
90.05069733,0.00049735
90.07453918,0.00035339
90.09838104,0.00018605
90.12222290,0.00016699
90.14606476,0.00010380
90.16990662,0.00026621
90.19374847,0.00013411
90.21759033,0.00021107
90.24143219,0.00056428
90.26527405,0.00073210
90.28911591,0.00060010
90.31295776,0.00043582
90.33679962,0.00047714
90.36064148,0.00039974
90.38448334,0.00013443
90.40832520,0.00012315
90.43216705,0.00025935
90.45600891,0.00048819
90.47985077,0.00034333
90.50369263,0.00017624
90.52753448,0.00018097
90.55137634,0.00023851
90.57521820,0.00050775
90.59906006,0.00061001
90.62290192,0.00019860
90.64674377,0.00025390
90.67058563,0.00029669
90.69442749,0.00033020
90.71826935,0.00018833
90.74211121,0.00018275
90.76595306,0.00011818
90.78979492,0.00007314
90.81363678,0.00031618
90.83747864,0.00047563
90.86132050,0.00016921
90.88516235,0.00019334
90.90900421,0.00009061
90.93284607,0.00026601
90.95668793,0.00033409
90.98052979,0.00039529
91.00437164,0.00018462
91.02821350,0.00009024
91.05205536,0.00011111
91.07589722,0.00014573
91.09973907,0.00040099
91.12358093,0.00064733
91.14742279,0.00054821
91.17126465,0.00009378
91.19510651,0.00026358
91.21894836,0.00048386
91.24279022,0.00074749
91.26663208,0.00061301
91.29047394,0.00012833
91.31431580,0.00032931
91.33815765,0.00041626
91.36199951,0.00030617
91.38584137,0.00054532
91.40968323,0.00053308
91.43352509,0.00015500
91.45736694,0.00047681
91.48120880,0.00066837
91.50505066,0.00038950
91.52889252,0.00023528
91.55273438,0.00003981
91.57657623,0.00046071
91.60041809,0.00037762
91.62425995,0.00037846
91.64810181,0.00040599
91.67194366,0.00018077
91.69578552,0.00013317
91.71962738,0.00042836
91.74346924,0.00068333
91.76731110,0.00065427
91.79115295,0.00016166
91.81499481,0.00052254
91.83883667,0.00072017
91.86267853,0.00056294
91.88652039,0.00025672
91.91036224,0.00017548
91.93420410,0.00029315
91.95804596,0.00026830
91.98188782,0.00001945
92.00572968,0.00027331
92.02957153,0.00028984
92.05341339,0.00031021
92.07725525,0.00030126
92.10109711,0.00044574
92.12493896,0.00058261
92.14878082,0.00068607
92.17262268,0.00057283
92.19646454,0.00028799
92.22030640,0.00005960
92.24414825,0.00016208
92.26799011,0.00011843
92.29183197,0.00005520
92.31567383,0.00019231
92.33951569,0.00042185
92.36335754,0.00044798
92.38719940,0.00019053
92.41104126,0.00019345
92.43488312,0.00031235
92.45872498,0.00026346
92.48256683,0.00015856
92.50640869,0.00015573
92.53025055,0.00029037
92.55409241,0.00025045
92.57793427,0.00041313
92.60177612,0.00052257
92.62561798,0.00018302
92.64945984,0.00010662
92.67330170,0.00018446
92.69714355,0.00054166
92.72098541,0.00070426
92.74482727,0.00051375
92.76866913,0.00024897
92.79251099,0.00024961
92.81635284,0.00019154
92.84019470,0.00007143
92.86403656,0.00012501
92.88787842,0.00018345
92.91172028,0.00013489
92.93556213,0.00025861
92.95940399,0.00033167
92.98324585,0.00018887
93.00708771,0.00028180
93.03092957,0.00041198
93.05477142,0.00024239
93.07861328,0.00018658
93.10245514,0.00037942
93.12629700,0.00049912
93.15013885,0.00036389
93.17398071,0.00009102
93.19782257,0.00040493
93.22166443,0.00071773
93.24550629,0.00059099
93.26934814,0.00057347
93.29319000,0.00091476
93.31703186,0.00085550
93.34087372,0.00043550
93.36471558,0.00045634
93.38855743,0.00048387
93.41239929,0.00026817
93.43624115,0.00031799
93.46008301,0.00034237
93.48392487,0.00019028
93.50776672,0.00016513
93.53160858,0.00014462
93.55545044,0.00034298
93.57929230,0.00048780
93.60313416,0.00032626
93.62697601,0.00012371
93.65081787,0.00011097
93.67465973,0.00019105
93.69850159,0.00033755
93.72234344,0.00029814
93.74618530,0.00003073
93.77002716,0.00010237
93.79386902,0.00025750
93.81771088,0.00039826
93.84155273,0.00035501
93.86539459,0.00013606
93.88923645,0.00026769
93.91307831,0.00029864
93.93692017,0.00008307
93.96076202,0.00014160
93.98460388,0.00017367
94.00844574,0.00027309
94.03228760,0.00020327
94.05612946,0.00038728
94.07997131,0.00030858
94.10381317,0.00012169
94.12765503,0.00017372
94.15149689,0.00042341
94.17533875,0.00062938
94.19918060,0.00053355
94.22302246,0.00022686
94.24686432,0.00001045
94.27070618,0.00014681
94.29454803,0.00028840
94.31838989,0.00049065
94.34223175,0.00058345
94.36607361,0.00033244
94.38991547,0.00003146
94.41375732,0.00033843
94.43759918,0.00053346
94.46144104,0.00033655
94.48528290,0.00016455
94.50912476,0.00044036
94.53296661,0.00035003
94.55680847,0.00015623
94.58065033,0.00020194
94.60449219,0.00026321
94.62833405,0.00021310
94.65217590,0.00012663
94.67601776,0.00043212
94.69985962,0.00064716
94.72370148,0.00038052
94.74754333,0.00025454
94.77138519,0.00033854
94.79522705,0.00015060
94.81906891,0.00013458
94.84291077,0.00035277
94.86675262,0.00032337
94.89059448,0.00026233
94.91443634,0.00031544
94.93827820,0.00022962
94.96212006,0.00027985
94.98596191,0.00038853
95.00980377,0.00028803
95.03364563,0.00017367
95.05748749,0.00008023
95.08132935,0.00013422
95.10517120,0.00035500
95.12901306,0.00036541
95.15285492,0.00056955
95.17669678,0.00061171
95.20053864,0.00020667
95.22438049,0.00033254
95.24822235,0.00042709
95.27206421,0.00031231
95.29590607,0.00022417
95.31974792,0.00018103
95.34358978,0.00026587
95.36743164,0.00026257
95.39127350,0.00018132
95.41511536,0.00004740
95.43895721,0.00016929
95.46279907,0.00031992
95.48664093,0.00039000
95.51048279,0.00027642
95.53432465,0.00026701
95.55816650,0.00045563
95.58200836,0.00038481
95.60585022,0.00043694
95.62969208,0.00065621
95.65353394,0.00059216
95.67737579,0.00047164
95.70121765,0.00056288
95.72505951,0.00032567
95.74890137,0.00015466
95.77274323,0.00014634
95.79658508,0.00037284
95.82042694,0.00044253
95.84426880,0.00034888
95.86811066,0.00029170
95.89195251,0.00016184
95.91579437,0.00034751
95.93963623,0.00037419
95.96347809,0.00014742
95.98731995,0.00027558
96.01116180,0.00031163
96.03500366,0.00027140
96.05884552,0.00015774
96.08268738,0.00010065
96.10652924,0.00008445
96.13037109,0.00025679
96.15421295,0.00044547
96.17805481,0.00040259
96.20189667,0.00012113
96.22573853,0.00029845
96.24958038,0.00042548
96.27342224,0.00042123
96.29726410,0.00036761
96.32110596,0.00037402
96.34494781,0.00058805
96.36878967,0.00059694
96.39263153,0.00041182
96.41647339,0.00042971
96.44031525,0.00040975
96.46415710,0.00030550
96.48799896,0.00014057
96.51184082,0.00019477
96.53568268,0.00021568
96.55952454,0.00012416
96.58336639,0.00046937
96.60720825,0.00072661
96.63105011,0.00053237
96.65489197,0.00021796
96.67873383,0.00002295
96.70257568,0.00017504
96.72641754,0.00047090
96.75025940,0.00065688
96.77410126,0.00039626
96.79794312,0.00030252
96.82178497,0.00022282
96.84562683,0.00009221
96.86946869,0.00019414
96.89331055,0.00011684
96.91715240,0.00024139
96.94099426,0.00068986
96.96483612,0.00088447
96.98867798,0.00044517
97.01251984,0.00022186
97.03636169,0.00019643
97.06020355,0.00012172
97.08404541,0.00016196
97.10788727,0.00009420
97.13172913,0.00044567
97.15557098,0.00048765
97.17941284,0.00024671
97.20325470,0.00007880
97.22709656,0.00050915
97.25093842,0.00064950
97.27478027,0.00068385
97.29862213,0.00085866
97.32246399,0.00080796
97.34630585,0.00030717
97.37014771,0.00017376
97.39398956,0.00004300
97.41783142,0.00014813
97.44167328,0.00009237
97.46551514,0.00017324
97.48935699,0.00052283
97.51319885,0.00056012
97.53704071,0.00050706
97.56088257,0.00074355
97.58472443,0.00079464
97.60856628,0.00051911
97.63240814,0.00007591
